10.000,15.000,0.100,0.000,0.100,0.000,0.000,1.000,0.000,0.000,15.000,0.000,0.000,0.000,0.000,0.000,0.000,0.000,0.000,0.000,0.000,0.000,0.000,1
10.000,15.000,0.100,0.000,0.100,0.000,0.000,1.000,0.000,0.000,15.000,0.000,0.000,0.000,0.000,0.000,0.000,0.000,0.000,0.000,0.000,1.000,0.000,1
10.000,15.000,0.100,0.000,0.100,0.000,0.000,1.000,0.000,0.000,15.000,0.000,0.000,0.000,0.000,0.000,0.000,0.000,0.000,1.000,0.000,2.000,0.000,1
10.000,15.000,0.100,0.000,0.100,0.000,0.000,1.000,0.000,0.000,15.000,0.000,0.000,0.000,0.000,0.000,0.000,0.000,0.000,3.000,0.000,1.000,0.000,1
10.000,15.000,0.100,0.000,0.100,0.000,0.000,1.000,0.000,0.000,15.000,0.000,0.000,0.000,0.000,0.000,0.000,0.000,0.000,4.000,0.000,1.000,0.000,1
10.000,15.000,0.100,0.000,0.100,0.000,0.000,1.000,0.000,0.000,15.000,0.000,0.000,0.000,0.000,0.000,0.000,0.000,0.000,5.000,0.000,1.000,0.000,1
10.000,15.000,0.100,0.000,0.100,0.000,0.000,1.000,0.000,0.000,15.000,0.000,0.000,0.000,0.000,0.000,0.000,0.000,0.000,6.000,0.000,1.000,0.000,1
10.000,15.000,0.100,0.000,0.100,0.000,0.000,1.000,0.000,0.000,15.000,0.000,0.000,0.000,0.000,0.000,0.000,0.000,0.000,7.000,0.000,1.000,0.000,1
10.000,15.000,0.100,0.000,0.100,0.000,0.000,1.000,0.000,0.000,15.000,0.000,0.000,0.000,0.000,0.000,0.000,0.000,0.000,8.000,0.000,1.000,0.000,1
10.000,15.000,0.100,0.000,0.100,0.000,0.000,1.000,0.000,0.000,15.000,0.000,0.000,0.000,0.000,0.000,0.000,0.000,0.000,9.000,0.000,2.000,0.000,1
10.000,15.000,0.100,0.000,0.100,0.000,0.000,1.000,0.000,0.000,15.000,0.000,0.000,0.000,0.000,0.000,0.000,0.000,0.000,9.000,0.000,2.000,-1.000,0
10.000,15.000,0.100,0.000,0.100,0.000,0.000,1.000,0.000,0.000,14.000,0.000,1.000,0.000,0.000,0.000,0.000,0.000,0.000,0.000,0.000,0.000,0.000,1
10.000,15.000,0.100,0.000,0.100,0.000,0.000,1.000,0.000,0.000,14.000,0.000,1.000,0.000,0.000,0.000,0.000,0.000,0.000,0.000,0.000,1.000,0.000,1
10.000,15.000,0.100,0.000,0.100,0.000,0.000,1.000,0.000,0.000,14.000,0.000,1.000,0.000,0.000,0.000,0.000,0.000,0.000,1.000,0.000,2.000,0.000,1
10.000,15.000,0.100,0.000,0.100,0.000,0.000,1.000,0.000,0.000,14.000,0.000,1.000,0.000,0.000,0.000,0.000,0.000,0.000,3.000,0.000,2.000,0.000,1
10.000,15.000,0.100,0.000,0.100,0.000,0.000,1.000,0.000,0.000,14.000,0.000,1.000,0.000,0.000,0.000,0.000,0.000,0.000,5.000,0.000,1.000,0.000,1
10.000,15.000,0.100,0.000,0.100,0.000,0.000,1.000,0.000,0.000,14.000,0.000,1.000,0.000,0.000,0.000,0.000,0.000,0.000,6.000,0.000,0.000,0.000,1
10.000,15.000,0.100,0.000,0.100,0.000,0.000,1.000,0.000,0.000,14.000,0.000,1.000,0.000,0.000,0.000,0.000,0.000,0.000,6.000,0.000,1.000,0.000,1
10.000,15.000,0.100,0.000,0.100,0.000,0.000,1.000,0.000,0.000,14.000,0.000,1.000,0.000,0.000,0.000,0.000,0.000,0.000,7.000,0.000,2.000,0.000,1
10.000,15.000,0.100,0.000,0.100,0.000,0.000,1.000,0.000,0.000,14.000,0.000,1.000,0.000,0.000,0.000,0.000,0.000,0.000,9.000,0.000,2.000,0.000,1
10.000,15.000,0.100,0.000,0.100,0.000,0.000,1.000,0.000,0.000,14.000,0.000,1.000,0.000,0.000,0.000,0.000,0.000,0.000,9.000,0.000,2.000,-1.000,0
10.000,15.000,0.100,0.000,0.100,0.000,0.000,1.000,0.000,0.000,13.000,0.000,2.000,0.000,0.000,0.000,0.000,0.000,0.000,0.000,0.000,0.000,0.000,1
10.000,15.000,0.100,0.000,0.100,0.000,0.000,1.000,0.000,0.000,13.000,0.000,2.000,0.000,0.000,0.000,0.000,0.000,0.000,0.000,0.000,1.000,0.000,1
10.000,15.000,0.100,0.000,0.100,0.000,0.000,1.000,0.000,0.000,13.000,0.000,2.000,0.000,0.000,0.000,0.000,0.000,0.000,1.000,0.000,1.000,0.000,1
10.000,15.000,0.100,0.000,0.100,0.000,0.000,1.000,0.000,0.000,13.000,0.000,2.000,0.000,0.000,0.000,0.000,0.000,0.000,2.000,0.000,0.000,0.000,1
10.000,15.000,0.100,0.000,0.100,0.000,0.000,1.000,0.000,0.000,13.000,0.000,2.000,0.000,0.000,0.000,0.000,0.000,0.000,2.000,0.000,1.000,0.000,1
10.000,15.000,0.100,0.000,0.100,0.000,0.000,1.000,0.000,0.000,13.000,0.000,2.000,0.000,0.000,0.000,0.000,0.000,0.000,3.000,0.000,1.000,0.000,1
10.000,15.000,0.100,0.000,0.100,0.000,0.000,1.000,0.000,0.000,13.000,0.000,2.000,0.000,0.000,0.000,0.000,0.000,0.000,4.000,0.000,2.000,0.000,1
10.000,15.000,0.100,0.000,0.100,0.000,0.000,1.000,0.000,0.000,13.000,0.000,2.000,0.000,0.000,0.000,0.000,0.000,0.000,6.000,0.000,3.000,0.000,1
10.000,15.000,0.100,0.000,0.100,0.000,0.000,1.000,0.000,0.000,13.000,0.000,2.000,0.000,0.000,0.000,0.000,0.000,0.000,9.000,0.000,2.000,0.000,1
10.000,15.000,0.100,0.000,0.100,0.000,0.000,1.000,0.000,0.000,13.000,0.000,2.000,0.000,0.000,0.000,0.000,0.000,0.000,9.000,0.000,2.000,-1.000,0
10.000,15.000,0.100,0.000,0.100,0.000,0.000,1.000,0.000,0.000,14.000,0.000,0.000,0.000,1.000,0.000,0.000,0.000,0.000,0.000,0.000,0.000,0.000,1
10.000,15.000,0.100,0.000,0.100,0.000,0.000,1.000,0.000,0.000,14.000,0.000,0.000,0.000,1.000,0.000,0.000,0.000,0.000,0.000,0.000,1.000,0.000,1
10.000,15.000,0.100,0.000,0.100,0.000,0.000,1.000,0.000,0.000,14.000,0.000,0.000,0.000,1.000,0.000,0.000,0.000,0.000,1.000,0.000,1.000,0.000,1
10.000,15.000,0.100,0.000,0.100,0.000,0.000,1.000,0.000,0.000,14.000,0.000,0.000,0.000,1.000,0.000,0.000,0.000,0.000,2.000,0.000,0.000,0.000,1
10.000,15.000,0.100,0.000,0.100,0.000,0.000,1.000,0.000,0.000,14.000,0.000,0.000,0.000,1.000,0.000,0.000,0.000,0.000,2.000,0.000,1.000,0.000,1
10.000,15.000,0.100,0.000,0.100,0.000,0.000,1.000,0.000,0.000,14.000,0.000,0.000,0.000,1.000,0.000,0.000,0.000,0.000,3.000,0.000,2.000,0.000,1
10.000,15.000,0.100,0.000,0.100,0.000,0.000,1.000,0.000,0.000,14.000,0.000,0.000,0.000,1.000,0.000,0.000,0.000,0.000,5.000,0.000,1.000,0.000,1
10.000,15.000,0.100,0.000,0.100,0.000,0.000,1.000,0.000,0.000,14.000,0.000,0.000,0.000,1.000,0.000,0.000,0.000,0.000,6.000,0.000,2.000,0.000,1
10.000,15.000,0.100,0.000,0.100,0.000,0.000,1.000,0.000,0.000,14.000,0.000,0.000,0.000,1.000,0.000,0.000,0.000,0.000,8.000,0.000,3.000,0.000,1
10.000,15.000,0.100,0.000,0.100,0.000,0.000,1.000,0.000,0.000,14.000,0.000,0.000,0.000,1.000,0.000,0.000,0.000,0.000,8.000,0.000,3.000,-1.000,0
10.000,15.000,0.100,0.000,0.100,0.000,0.000,1.000,0.000,0.000,12.000,0.000,0.000,0.000,0.000,0.000,3.000,0.000,0.000,0.000,0.000,0.000,0.000,1
10.000,15.000,0.100,0.000,0.100,0.000,0.000,1.000,0.000,0.000,12.000,0.000,0.000,0.000,0.000,0.000,3.000,0.000,0.000,0.000,0.000,1.000,0.000,1
10.000,15.000,0.100,0.000,0.100,0.000,0.000,1.000,0.000,0.000,12.000,0.000,0.000,0.000,0.000,0.000,3.000,0.000,0.000,1.000,0.000,2.000,0.000,1
10.000,15.000,0.100,0.000,0.100,0.000,0.000,1.000,0.000,0.000,12.000,0.000,0.000,0.000,0.000,0.000,3.000,0.000,0.000,3.000,0.000,1.000,0.000,1
10.000,15.000,0.100,0.000,0.100,0.000,0.000,1.000,0.000,0.000,12.000,0.000,0.000,0.000,0.000,0.000,3.000,0.000,0.000,4.000,0.000,2.000,0.000,1
10.000,15.000,0.100,0.000,0.100,0.000,0.000,1.000,0.000,0.000,12.000,0.000,0.000,0.000,0.000,0.000,3.000,0.000,0.000,6.000,0.000,2.000,0.000,1
10.000,15.000,0.100,0.000,0.100,0.000,0.000,1.000,0.000,0.000,12.000,0.000,0.000,0.000,0.000,0.000,3.000,0.000,0.000,8.000,0.000,1.000,0.000,1
10.000,15.000,0.100,0.000,0.100,0.000,0.000,1.000,0.000,0.000,12.000,0.000,0.000,0.000,0.000,0.000,3.000,0.000,0.000,9.000,0.000,0.000,0.000,1
10.000,15.000,0.100,0.000,0.100,0.000,0.000,1.000,0.000,0.000,12.000,0.000,0.000,0.000,0.000,0.000,3.000,0.000,0.000,9.000,0.000,1.000,0.000,1
10.000,15.000,0.100,0.000,0.100,0.000,0.000,1.000,0.000,0.000,12.000,0.000,0.000,0.000,0.000,0.000,3.000,0.000,0.000,9.000,0.000,1.000,-1.000,0
10.000,15.000,0.100,0.000,0.100,0.000,0.000,1.000,0.000,0.000,11.000,0.000,0.000,0.000,0.000,4.000,0.000,0.000,0.000,0.000,0.000,0.000,0.000,1
10.000,15.000,0.100,0.000,0.100,0.000,0.000,1.000,0.000,0.000,11.000,0.000,0.000,0.000,0.000,4.000,0.000,0.000,0.000,0.000,0.000,1.000,0.000,1
10.000,15.000,0.100,0.000,0.100,0.000,0.000,1.000,0.000,0.000,11.000,0.000,0.000,0.000,0.000,4.000,0.000,0.000,0.000,1.000,0.000,2.000,0.000,1
10.000,15.000,0.100,0.000,0.100,0.000,0.000,1.000,0.000,0.000,11.000,0.000,0.000,0.000,0.000,4.000,0.000,0.000,0.000,3.000,0.000,2.000,0.000,1
10.000,15.000,0.100,0.000,0.100,0.000,0.000,1.000,0.000,0.000,11.000,0.000,0.000,0.000,0.000,4.000,0.000,0.000,0.000,5.000,0.000,1.000,0.000,1
10.000,15.000,0.100,0.000,0.100,0.000,0.000,1.000,0.000,0.000,11.000,0.000,0.000,0.000,0.000,4.000,0.000,0.000,0.000,6.000,0.000,1.000,0.000,1
10.000,15.000,0.100,0.000,0.100,0.000,0.000,1.000,0.000,0.000,11.000,0.000,0.000,0.000,0.000,4.000,0.000,0.000,0.000,7.000,0.000,0.000,0.000,1
10.000,15.000,0.100,0.000,0.100,0.000,0.000,1.000,0.000,0.000,11.000,0.000,0.000,0.000,0.000,4.000,0.000,0.000,0.000,7.000,0.000,1.000,0.000,1
10.000,15.000,0.100,0.000,0.100,0.000,0.000,1.000,0.000,0.000,11.000,0.000,0.000,0.000,0.000,4.000,0.000,0.000,0.000,8.000,0.000,0.000,0.000,1
10.000,15.000,0.100,0.000,0.100,0.000,0.000,1.000,0.000,0.000,11.000,0.000,0.000,0.000,0.000,4.000,0.000,0.000,0.000,8.000,0.000,1.000,0.000,1
10.000,15.000,0.100,0.000,0.100,0.000,0.000,1.000,0.000,0.000,11.000,0.000,0.000,0.000,0.000,4.000,0.000,0.000,0.000,9.000,0.000,1.000,0.000,1
10.000,15.000,0.100,0.000,0.100,0.000,0.000,1.000,0.000,0.000,11.000,0.000,0.000,0.000,0.000,4.000,0.000,0.000,0.000,9.000,0.000,1.000,-1.000,0
10.000,15.000,0.100,0.000,0.100,0.000,0.000,1.000,0.000,5.000,10.000,0.000,0.000,0.000,0.000,0.000,0.000,0.000,0.000,0.000,0.000,0.000,0.000,1
10.000,15.000,0.100,0.000,0.100,0.000,0.000,1.000,0.000,5.000,10.000,0.000,0.000,0.000,0.000,0.000,0.000,0.000,0.000,0.000,0.000,1.000,0.000,1
10.000,15.000,0.100,0.000,0.100,0.000,0.000,1.000,0.000,5.000,10.000,0.000,0.000,0.000,0.000,0.000,0.000,0.000,0.000,1.000,0.000,0.000,0.000,1
10.000,15.000,0.100,0.000,0.100,0.000,0.000,1.000,0.000,5.000,9.000,0.000,0.000,0.000,0.000,0.000,0.000,0.000,0.000,1.000,1.000,0.000,0.000,1
10.000,15.000,0.100,0.000,0.100,0.000,0.000,1.000,0.000,5.000,8.000,0.000,0.000,0.000,0.000,0.000,0.000,0.000,0.000,1.000,2.000,0.000,0.000,1
10.000,15.000,0.100,0.000,0.100,0.000,0.000,1.000,0.000,5.000,8.000,0.000,0.000,0.000,0.000,0.000,0.000,0.000,0.000,1.000,2.000,1.000,0.000,1
10.000,15.000,0.100,0.000,0.100,0.000,0.000,1.000,0.000,5.000,8.000,0.000,0.000,0.000,0.000,0.000,0.000,0.000,0.000,2.000,2.000,0.000,0.000,1
10.000,15.000,0.100,0.000,0.100,0.000,0.000,1.000,0.000,5.000,8.000,0.000,0.000,0.000,0.000,0.000,0.000,0.000,0.000,2.000,2.000,1.000,0.000,1
10.000,15.000,0.100,0.000,0.100,0.000,0.000,1.000,0.000,5.000,8.000,0.000,0.000,0.000,0.000,0.000,0.000,0.000,0.000,3.000,2.000,2.000,0.000,1
10.000,15.000,0.100,0.000,0.100,0.000,0.000,1.000,0.000,5.000,8.000,0.000,0.000,1.000,0.000,0.000,0.000,0.000,0.000,5.000,1.000,1.000,0.000,1
10.000,15.000,0.100,0.000,0.100,0.000,0.000,1.000,0.000,5.000,8.000,0.000,0.000,1.000,0.000,1.000,0.000,0.000,0.000,6.000,0.000,0.000,0.000,1
10.000,15.000,0.100,0.000,0.100,0.000,0.000,1.000,0.000,5.000,8.000,0.000,0.000,1.000,0.000,0.000,0.000,0.000,0.000,6.000,1.000,0.000,0.000,1
10.000,15.000,0.100,0.000,0.100,0.000,0.000,1.000,0.000,5.000,8.000,0.000,0.000,1.000,0.000,0.000,0.000,0.000,0.000,6.000,1.000,1.000,0.000,1
10.000,15.000,0.100,0.000,0.100,0.000,0.000,1.000,0.000,5.000,8.000,0.000,0.000,1.000,0.000,0.000,0.000,0.000,0.000,7.000,1.000,1.000,0.000,1
10.000,15.000,0.100,0.000,0.100,0.000,0.000,1.000,0.000,5.000,8.000,0.000,0.000,1.000,0.000,0.000,0.000,0.000,0.000,8.000,1.000,2.000,0.000,1
10.000,15.000,0.100,0.000,0.100,0.000,0.000,1.000,0.000,5.000,8.000,0.000,0.000,1.000,0.000,0.000,0.000,0.000,0.000,8.000,1.000,2.000,-1.000,0
10.000,15.000,0.100,0.000,0.100,0.000,0.000,1.000,0.000,0.000,9.000,0.000,0.000,0.000,0.000,0.000,0.000,0.000,0.000,0.000,6.000,0.000,0.000,1
10.000,15.000,0.100,0.000,0.100,0.000,0.000,1.000,0.000,0.000,9.000,0.000,0.000,0.000,0.000,0.000,0.000,0.000,0.000,0.000,6.000,1.000,0.000,1
10.000,15.000,0.100,0.000,0.100,0.000,0.000,1.000,0.000,0.000,9.000,0.000,0.000,0.000,0.000,0.000,0.000,0.000,0.000,1.000,6.000,0.000,0.000,1
10.000,15.000,0.100,0.000,0.100,0.000,0.000,1.000,0.000,0.000,9.000,0.000,0.000,0.000,0.000,0.000,0.000,0.000,0.000,1.000,6.000,1.000,0.000,1
10.000,15.000,0.100,0.000,0.100,0.000,0.000,1.000,0.000,0.000,9.000,0.000,0.000,0.000,0.000,0.000,0.000,0.000,0.000,2.000,6.000,0.000,0.000,1
10.000,15.000,0.100,0.000,0.100,0.000,0.000,1.000,0.000,0.000,9.000,0.000,0.000,0.000,0.000,0.000,0.000,0.000,0.000,2.000,6.000,1.000,0.000,1
10.000,15.000,0.100,0.000,0.100,0.000,0.000,1.000,0.000,0.000,9.000,0.000,0.000,0.000,0.000,0.000,0.000,0.000,0.000,3.000,6.000,2.000,0.000,1
10.000,15.000,0.100,0.000,0.100,0.000,0.000,1.000,0.000,0.000,9.000,0.000,0.000,0.000,0.000,0.000,0.000,0.000,0.000,5.000,6.000,2.000,0.000,1
10.000,15.000,0.100,0.000,0.100,0.000,0.000,1.000,0.000,0.000,9.000,0.000,0.000,0.000,0.000,0.000,0.000,0.000,0.000,7.000,6.000,2.000,0.000,1
10.000,15.000,0.100,0.000,0.100,0.000,0.000,1.000,0.000,0.000,9.000,0.000,0.000,0.000,0.000,0.000,0.000,0.000,0.000,9.000,6.000,2.000,0.000,0
10.000,15.000,0.100,0.000,0.100,0.000,0.000,1.000,0.000,0.000,9.000,0.000,0.000,0.000,0.000,0.000,0.000,0.000,0.000,9.000,6.000,2.000,-1.000,0
10.000,15.000,0.100,0.000,0.100,0.000,0.000,1.000,0.000,0.000,11.000,0.000,0.000,0.000,0.000,0.000,4.000,0.000,0.000,0.000,0.000,0.000,0.000,1
10.000,15.000,0.100,0.000,0.100,0.000,0.000,1.000,0.000,0.000,11.000,0.000,0.000,0.000,0.000,0.000,4.000,0.000,0.000,0.000,0.000,1.000,0.000,1
10.000,15.000,0.100,0.000,0.100,0.000,0.000,1.000,0.000,0.000,11.000,0.000,0.000,0.000,0.000,0.000,4.000,0.000,0.000,1.000,0.000,1.000,0.000,1
10.000,15.000,0.100,0.000,0.100,0.000,0.000,1.000,0.000,0.000,11.000,0.000,0.000,0.000,0.000,0.000,4.000,0.000,0.000,2.000,0.000,2.000,0.000,1
10.000,15.000,0.100,0.000,0.100,0.000,0.000,1.000,0.000,0.000,11.000,0.000,0.000,0.000,0.000,0.000,4.000,0.000,0.000,4.000,0.000,2.000,0.000,1
10.000,15.000,0.100,0.000,0.100,0.000,0.000,1.000,0.000,0.000,11.000,0.000,0.000,0.000,0.000,0.000,4.000,0.000,0.000,6.000,0.000,3.000,0.000,1
10.000,15.000,0.100,0.000,0.100,0.000,0.000,1.000,0.000,0.000,11.000,0.000,0.000,0.000,0.000,0.000,4.000,0.000,0.000,9.000,0.000,3.000,0.000,0
10.000,15.000,0.100,0.000,0.100,0.000,0.000,1.000,0.000,0.000,11.000,0.000,0.000,0.000,0.000,0.000,4.000,0.000,0.000,9.000,0.000,3.000,-1.000,0
10.000,15.000,0.100,0.000,0.100,0.000,0.000,1.000,0.000,0.000,12.000,0.000,3.000,0.000,0.000,0.000,0.000,0.000,0.000,0.000,0.000,0.000,0.000,1
10.000,15.000,0.100,0.000,0.100,0.000,0.000,1.000,0.000,0.000,12.000,0.000,3.000,0.000,0.000,0.000,0.000,0.000,0.000,0.000,0.000,1.000,0.000,1
10.000,15.000,0.100,0.000,0.100,0.000,0.000,1.000,0.000,0.000,12.000,0.000,3.000,0.000,0.000,0.000,0.000,0.000,0.000,1.000,0.000,2.000,0.000,1
10.000,15.000,0.100,0.000,0.100,0.000,0.000,1.000,0.000,0.000,12.000,0.000,3.000,0.000,0.000,0.000,0.000,0.000,0.000,3.000,0.000,2.000,0.000,1
10.000,15.000,0.100,0.000,0.100,0.000,0.000,1.000,0.000,0.000,12.000,0.000,3.000,0.000,0.000,0.000,0.000,0.000,0.000,5.000,0.000,2.000,0.000,1
10.000,15.000,0.100,0.000,0.100,0.000,0.000,1.000,0.000,0.000,12.000,0.000,3.000,0.000,0.000,0.000,0.000,0.000,0.000,7.000,0.000,3.000,0.000,1
10.000,15.000,0.100,0.000,0.100,0.000,0.000,1.000,0.000,0.000,12.000,0.000,3.000,0.000,0.000,0.000,0.000,0.000,0.000,7.000,0.000,3.000,-1.000,0
10.000,15.000,0.100,0.000,0.100,0.000,0.000,1.000,0.000,0.000,0.000,9.000,0.000,1.000,0.000,5.000,0.000,0.000,0.000,0.000,0.000,0.000,0.000,1
10.000,15.000,0.100,0.000,0.100,0.000,0.000,1.000,0.000,0.000,0.000,9.000,0.000,1.000,0.000,5.000,0.000,0.000,0.000,0.000,0.000,1.000,0.000,1
10.000,15.000,0.100,0.000,0.100,0.000,0.000,1.000,0.000,0.000,0.000,9.000,0.000,1.000,0.000,5.000,0.000,0.000,0.000,1.000,0.000,0.000,0.000,1
10.000,15.000,0.100,0.000,0.100,0.000,0.000,1.000,0.000,0.000,0.000,9.000,0.000,1.000,0.000,5.000,0.000,0.000,0.000,1.000,0.000,1.000,0.000,1
10.000,15.000,0.100,0.000,0.100,0.000,0.000,1.000,0.000,0.000,0.000,9.000,0.000,1.000,0.000,5.000,0.000,0.000,0.000,2.000,0.000,0.000,0.000,1
10.000,15.000,0.100,0.000,0.100,0.000,0.000,1.000,0.000,0.000,0.000,9.000,0.000,1.000,0.000,5.000,0.000,0.000,0.000,2.000,0.000,1.000,0.000,1
10.000,15.000,0.100,0.000,0.100,0.000,0.000,1.000,0.000,0.000,0.000,9.000,0.000,1.000,0.000,5.000,0.000,0.000,0.000,3.000,0.000,0.000,0.000,1
10.000,15.000,0.100,0.000,0.100,0.000,0.000,1.000,0.000,0.000,0.000,9.000,0.000,1.000,0.000,5.000,0.000,0.000,0.000,3.000,0.000,1.000,0.000,1
10.000,15.000,0.100,0.000,0.100,0.000,0.000,1.000,0.000,0.000,0.000,9.000,0.000,1.000,0.000,5.000,0.000,0.000,0.000,4.000,0.000,2.000,0.000,1
10.000,15.000,0.100,0.000,0.100,0.000,0.000,1.000,0.000,0.000,0.000,9.000,0.000,1.000,0.000,5.000,0.000,0.000,0.000,6.000,0.000,2.000,0.000,1
10.000,15.000,0.100,0.000,0.100,0.000,0.000,1.000,0.000,0.000,0.000,9.000,0.000,1.000,0.000,5.000,0.000,0.000,0.000,8.000,0.000,2.000,0.000,1
10.000,15.000,0.100,0.000,0.100,0.000,0.000,1.000,0.000,0.000,0.000,9.000,0.000,1.000,0.000,5.000,0.000,0.000,0.000,8.000,0.000,2.000,-1.000,0
10.000,15.000,0.100,0.000,0.100,0.000,0.000,1.000,0.000,0.000,0.000,0.000,0.000,2.000,0.000,0.000,0.000,13.000,0.000,0.000,0.000,0.000,0.000,1
10.000,15.000,0.100,0.000,0.100,0.000,0.000,1.000,0.000,0.000,0.000,0.000,0.000,2.000,0.000,0.000,0.000,13.000,0.000,0.000,0.000,1.000,0.000,1
10.000,15.000,0.100,0.000,0.100,0.000,0.000,1.000,0.000,0.000,0.000,0.000,0.000,2.000,0.000,0.000,0.000,13.000,0.000,1.000,0.000,2.000,0.000,1
10.000,15.000,0.100,0.000,0.100,0.000,0.000,1.000,0.000,0.000,0.000,0.000,0.000,2.000,0.000,0.000,0.000,13.000,0.000,3.000,0.000,1.000,0.000,1
10.000,15.000,0.100,0.000,0.100,0.000,0.000,1.000,0.000,0.000,0.000,0.000,0.000,2.000,0.000,0.000,0.000,13.000,0.000,4.000,0.000,2.000,0.000,1
10.000,15.000,0.100,0.000,0.100,0.000,0.000,1.000,0.000,0.000,0.000,0.000,0.000,2.000,0.000,0.000,0.000,13.000,0.000,6.000,0.000,2.000,0.000,1
10.000,15.000,0.100,0.000,0.100,0.000,0.000,1.000,0.000,0.000,0.000,0.000,0.000,2.000,0.000,0.000,0.000,13.000,0.000,8.000,0.000,3.000,0.000,1
10.000,15.000,0.100,0.000,0.100,0.000,0.000,1.000,0.000,0.000,0.000,0.000,0.000,2.000,0.000,0.000,0.000,13.000,0.000,8.000,0.000,3.000,-1.000,0
10.000,15.000,0.100,0.000,0.100,0.000,0.000,1.000,0.000,0.000,0.000,0.000,0.000,0.000,0.000,0.000,0.000,15.000,0.000,0.000,0.000,0.000,0.000,1
10.000,15.000,0.100,0.000,0.100,0.000,0.000,1.000,0.000,0.000,0.000,0.000,0.000,0.000,0.000,0.000,0.000,15.000,0.000,0.000,0.000,1.000,0.000,1
10.000,15.000,0.100,0.000,0.100,0.000,0.000,1.000,0.000,0.000,0.000,0.000,0.000,0.000,0.000,0.000,0.000,15.000,0.000,1.000,0.000,1.000,0.000,1
10.000,15.000,0.100,0.000,0.100,0.000,0.000,1.000,0.000,0.000,0.000,0.000,0.000,0.000,0.000,0.000,0.000,15.000,0.000,2.000,0.000,1.000,0.000,1
10.000,15.000,0.100,0.000,0.100,0.000,0.000,1.000,0.000,0.000,0.000,0.000,0.000,0.000,0.000,0.000,0.000,15.000,0.000,3.000,0.000,0.000,0.000,1
10.000,15.000,0.100,0.000,0.100,0.000,0.000,1.000,0.000,0.000,0.000,0.000,0.000,0.000,0.000,0.000,0.000,15.000,0.000,3.000,0.000,1.000,0.000,1
10.000,15.000,0.100,0.000,0.100,0.000,0.000,1.000,0.000,0.000,0.000,0.000,0.000,0.000,0.000,0.000,0.000,15.000,0.000,4.000,0.000,2.000,0.000,1
10.000,15.000,0.100,0.000,0.100,0.000,0.000,1.000,0.000,0.000,0.000,0.000,0.000,0.000,0.000,0.000,0.000,15.000,0.000,6.000,0.000,1.000,0.000,1
10.000,15.000,0.100,0.000,0.100,0.000,0.000,1.000,0.000,0.000,0.000,0.000,0.000,0.000,0.000,0.000,0.000,15.000,0.000,7.000,0.000,2.000,0.000,1
10.000,15.000,0.100,0.000,0.100,0.000,0.000,1.000,0.000,0.000,0.000,0.000,0.000,0.000,0.000,0.000,0.000,15.000,0.000,9.000,0.000,2.000,0.000,1
10.000,15.000,0.100,0.000,0.100,0.000,0.000,1.000,0.000,0.000,0.000,0.000,0.000,0.000,0.000,0.000,0.000,15.000,0.000,9.000,0.000,2.000,-1.000,0
10.000,15.000,0.100,0.000,0.100,0.000,0.000,1.000,0.000,0.000,0.000,0.000,0.000,0.000,0.000,0.000,5.000,0.000,0.000,0.000,10.000,0.000,0.000,1
10.000,15.000,0.100,0.000,0.100,0.000,0.000,1.000,0.000,0.000,0.000,0.000,0.000,0.000,0.000,0.000,5.000,0.000,0.000,0.000,10.000,1.000,0.000,1
10.000,15.000,0.100,0.000,0.100,0.000,0.000,1.000,0.000,0.000,0.000,0.000,0.000,0.000,0.000,0.000,5.000,0.000,0.000,1.000,10.000,0.000,0.000,1
10.000,15.000,0.100,0.000,0.100,0.000,0.000,1.000,0.000,0.000,0.000,0.000,0.000,0.000,0.000,0.000,5.000,0.000,0.000,1.000,10.000,1.000,0.000,1
10.000,15.000,0.100,0.000,0.100,0.000,0.000,1.000,0.000,0.000,0.000,0.000,0.000,0.000,0.000,0.000,5.000,0.000,0.000,2.000,10.000,0.000,0.000,1
10.000,15.000,0.100,0.000,0.100,0.000,0.000,1.000,0.000,0.000,0.000,0.000,0.000,0.000,0.000,0.000,5.000,0.000,0.000,2.000,10.000,1.000,0.000,1
10.000,15.000,0.100,0.000,0.100,0.000,0.000,1.000,0.000,0.000,0.000,0.000,1.000,0.000,0.000,0.000,5.000,0.000,0.000,3.000,9.000,0.000,0.000,1
10.000,15.000,0.100,0.000,0.100,0.000,0.000,1.000,0.000,0.000,0.000,0.000,0.000,0.000,0.000,0.000,5.000,0.000,0.000,3.000,10.000,0.000,0.000,1
10.000,15.000,0.100,0.000,0.100,0.000,0.000,1.000,0.000,0.000,0.000,0.000,0.000,0.000,0.000,0.000,5.000,0.000,0.000,3.000,10.000,1.000,0.000,1
10.000,15.000,0.100,0.000,0.100,0.000,0.000,1.000,0.000,0.000,0.000,0.000,0.000,0.000,0.000,0.000,5.000,0.000,0.000,4.000,10.000,1.000,0.000,1
10.000,15.000,0.100,0.000,0.100,0.000,0.000,1.000,0.000,0.000,0.000,0.000,0.000,0.000,0.000,0.000,5.000,0.000,0.000,5.000,10.000,0.000,0.000,1
10.000,15.000,0.100,0.000,0.100,0.000,0.000,1.000,0.000,0.000,0.000,0.000,0.000,0.000,0.000,0.000,5.000,0.000,0.000,5.000,10.000,1.000,0.000,1
10.000,15.000,0.100,0.000,0.100,0.000,0.000,1.000,0.000,0.000,0.000,0.000,0.000,0.000,0.000,0.000,5.000,0.000,0.000,6.000,10.000,0.000,0.000,1
10.000,15.000,0.100,0.000,0.100,0.000,0.000,1.000,0.000,0.000,0.000,0.000,0.000,0.000,0.000,0.000,5.000,0.000,0.000,6.000,10.000,1.000,0.000,1
10.000,15.000,0.100,0.000,0.100,0.000,0.000,1.000,0.000,0.000,0.000,0.000,0.000,0.000,0.000,0.000,5.000,0.000,0.000,7.000,10.000,0.000,0.000,1
10.000,15.000,0.100,0.000,0.100,0.000,0.000,1.000,0.000,0.000,0.000,0.000,0.000,0.000,0.000,0.000,4.000,0.000,0.000,7.000,11.000,0.000,0.000,1
10.000,15.000,0.100,0.000,0.100,0.000,0.000,1.000,0.000,0.000,0.000,0.000,0.000,0.000,0.000,0.000,4.000,0.000,0.000,7.000,11.000,1.000,0.000,1
10.000,15.000,0.100,0.000,0.100,0.000,0.000,1.000,0.000,0.000,0.000,0.000,0.000,0.000,0.000,0.000,4.000,0.000,0.000,8.000,11.000,0.000,0.000,1
10.000,15.000,0.100,0.000,0.100,0.000,0.000,1.000,0.000,0.000,0.000,0.000,0.000,0.000,0.000,0.000,4.000,0.000,0.000,8.000,11.000,1.000,0.000,1
10.000,15.000,0.100,0.000,0.100,0.000,0.000,1.000,0.000,0.000,0.000,0.000,0.000,0.000,0.000,0.000,4.000,0.000,1.000,9.000,10.000,1.000,0.000,1
10.000,15.000,0.100,0.000,0.100,0.000,0.000,1.000,0.000,0.000,0.000,0.000,0.000,0.000,0.000,0.000,4.000,0.000,1.000,9.000,10.000,1.000,-1.000,0
10.000,15.000,0.100,0.000,0.100,0.000,0.000,1.000,0.000,0.000,0.000,0.000,4.000,0.000,11.000,0.000,0.000,0.000,0.000,0.000,0.000,0.000,0.000,1
10.000,15.000,0.100,0.000,0.100,0.000,0.000,1.000,0.000,0.000,0.000,0.000,4.000,0.000,11.000,0.000,0.000,0.000,0.000,0.000,0.000,1.000,0.000,1
10.000,15.000,0.100,0.000,0.100,0.000,0.000,1.000,0.000,0.000,0.000,0.000,4.000,0.000,11.000,0.000,0.000,0.000,0.000,1.000,0.000,1.000,0.000,1
10.000,15.000,0.100,0.000,0.100,0.000,0.000,1.000,0.000,0.000,0.000,0.000,4.000,0.000,11.000,0.000,0.000,0.000,0.000,2.000,0.000,0.000,0.000,1
10.000,15.000,0.100,0.000,0.100,0.000,0.000,1.000,0.000,0.000,0.000,0.000,4.000,0.000,11.000,0.000,0.000,0.000,0.000,2.000,0.000,1.000,0.000,1
10.000,15.000,0.100,0.000,0.100,0.000,0.000,1.000,0.000,0.000,0.000,0.000,4.000,0.000,11.000,0.000,0.000,0.000,0.000,3.000,0.000,1.000,0.000,1
10.000,15.000,0.100,0.000,0.100,0.000,0.000,1.000,0.000,0.000,0.000,0.000,4.000,0.000,11.000,0.000,0.000,0.000,0.000,4.000,0.000,1.000,0.000,1
10.000,15.000,0.100,0.000,0.100,0.000,0.000,1.000,0.000,0.000,0.000,0.000,4.000,0.000,11.000,0.000,0.000,0.000,0.000,5.000,0.000,0.000,0.000,1
10.000,15.000,0.100,0.000,0.100,0.000,0.000,1.000,0.000,0.000,0.000,0.000,4.000,0.000,11.000,0.000,0.000,0.000,0.000,5.000,0.000,1.000,0.000,1
10.000,15.000,0.100,0.000,0.100,0.000,0.000,1.000,0.000,0.000,0.000,0.000,4.000,0.000,11.000,0.000,0.000,0.000,0.000,6.000,0.000,2.000,0.000,1
10.000,15.000,0.100,0.000,0.100,0.000,0.000,1.000,0.000,0.000,0.000,0.000,4.000,0.000,11.000,0.000,0.000,0.000,0.000,8.000,0.000,2.000,0.000,1
10.000,15.000,0.100,0.000,0.100,0.000,0.000,1.000,0.000,0.000,0.000,0.000,4.000,0.000,11.000,0.000,0.000,0.000,0.000,8.000,0.000,2.000,-1.000,0
10.000,15.000,0.100,0.000,0.100,0.000,0.000,1.000,0.000,2.000,1.000,0.000,0.000,1.000,0.000,0.000,0.000,0.000,0.000,0.000,11.000,0.000,0.000,1
10.000,15.000,0.100,0.000,0.100,0.000,0.000,1.000,0.000,2.000,1.000,0.000,0.000,1.000,0.000,0.000,0.000,0.000,0.000,0.000,11.000,1.000,0.000,1
10.000,15.000,0.100,0.000,0.100,0.000,0.000,1.000,0.000,2.000,1.000,0.000,0.000,1.000,0.000,0.000,0.000,0.000,0.000,1.000,11.000,0.000,0.000,1
10.000,15.000,0.100,0.000,0.100,0.000,0.000,1.000,0.000,2.000,1.000,0.000,0.000,1.000,0.000,0.000,0.000,0.000,0.000,1.000,11.000,1.000,0.000,1
10.000,15.000,0.100,0.000,0.100,0.000,0.000,1.000,0.000,2.000,1.000,0.000,0.000,1.000,0.000,0.000,0.000,0.000,0.000,2.000,11.000,2.000,0.000,1
10.000,15.000,0.100,0.000,0.100,0.000,0.000,1.000,0.000,2.000,1.000,0.000,0.000,1.000,0.000,0.000,0.000,0.000,0.000,4.000,11.000,1.000,0.000,1
10.000,15.000,0.100,0.000,0.100,0.000,0.000,1.000,0.000,2.000,1.000,0.000,0.000,1.000,0.000,0.000,0.000,0.000,0.000,5.000,11.000,1.000,0.000,1
10.000,15.000,0.100,0.000,0.100,0.000,0.000,1.000,0.000,2.000,1.000,0.000,0.000,1.000,0.000,0.000,0.000,0.000,0.000,6.000,11.000,0.000,0.000,1
10.000,15.000,0.100,0.000,0.100,0.000,0.000,1.000,0.000,2.000,1.000,0.000,0.000,1.000,0.000,0.000,0.000,0.000,0.000,6.000,11.000,1.000,0.000,1
10.000,15.000,0.100,0.000,0.100,0.000,0.000,1.000,0.000,2.000,1.000,0.000,0.000,1.000,0.000,0.000,0.000,0.000,0.000,7.000,11.000,2.000,0.000,1
10.000,15.000,0.100,0.000,0.100,0.000,0.000,1.000,0.000,2.000,1.000,0.000,0.000,1.000,0.000,0.000,0.000,0.000,0.000,9.000,11.000,2.000,0.000,0
10.000,15.000,0.100,0.000,0.100,0.000,0.000,1.000,0.000,2.000,1.000,0.000,0.000,1.000,0.000,0.000,0.000,0.000,0.000,9.000,11.000,2.000,-1.000,0
10.000,15.000,0.100,0.000,0.100,0.000,0.000,1.000,0.000,0.000,13.000,2.000,0.000,0.000,0.000,0.000,0.000,0.000,0.000,0.000,0.000,0.000,0.000,1
10.000,15.000,0.100,0.000,0.100,0.000,0.000,1.000,0.000,0.000,13.000,2.000,0.000,0.000,0.000,0.000,0.000,0.000,0.000,0.000,0.000,1.000,0.000,1
10.000,15.000,0.100,0.000,0.100,0.000,0.000,1.000,0.000,0.000,13.000,2.000,0.000,0.000,0.000,0.000,0.000,0.000,0.000,1.000,0.000,1.000,0.000,1
10.000,15.000,0.100,0.000,0.100,0.000,0.000,1.000,0.000,0.000,13.000,2.000,0.000,0.000,0.000,0.000,0.000,0.000,0.000,2.000,0.000,0.000,0.000,1
10.000,15.000,0.100,0.000,0.100,0.000,0.000,1.000,0.000,0.000,13.000,2.000,0.000,0.000,0.000,0.000,0.000,0.000,0.000,2.000,0.000,1.000,0.000,1
10.000,15.000,0.100,0.000,0.100,0.000,0.000,1.000,0.000,0.000,13.000,2.000,0.000,0.000,0.000,0.000,0.000,0.000,0.000,3.000,0.000,2.000,0.000,1
10.000,15.000,0.100,0.000,0.100,0.000,0.000,1.000,0.000,0.000,13.000,2.000,0.000,0.000,0.000,0.000,0.000,0.000,0.000,5.000,0.000,2.000,0.000,1
10.000,15.000,0.100,0.000,0.100,0.000,0.000,1.000,0.000,0.000,13.000,2.000,0.000,0.000,0.000,0.000,0.000,0.000,0.000,7.000,0.000,3.000,0.000,1
10.000,15.000,0.100,0.000,0.100,0.000,0.000,1.000,0.000,0.000,13.000,2.000,0.000,0.000,0.000,0.000,0.000,0.000,0.000,7.000,0.000,3.000,-1.000,0
10.000,15.000,0.100,0.000,0.100,0.000,0.000,1.000,0.000,6.000,0.000,0.000,0.000,0.000,0.000,0.000,0.000,9.000,0.000,0.000,0.000,0.000,0.000,1
10.000,15.000,0.100,0.000,0.100,0.000,0.000,1.000,0.000,6.000,0.000,0.000,0.000,0.000,0.000,0.000,0.000,9.000,0.000,0.000,0.000,1.000,0.000,1
10.000,15.000,0.100,0.000,0.100,0.000,0.000,1.000,0.000,6.000,0.000,0.000,0.000,0.000,0.000,0.000,0.000,9.000,0.000,1.000,0.000,1.000,0.000,1
10.000,15.000,0.100,0.000,0.100,0.000,0.000,1.000,0.000,6.000,0.000,0.000,0.000,0.000,0.000,0.000,0.000,9.000,0.000,2.000,0.000,2.000,0.000,1
10.000,15.000,0.100,0.000,0.100,0.000,0.000,1.000,0.000,6.000,0.000,0.000,0.000,0.000,0.000,0.000,0.000,9.000,0.000,4.000,0.000,2.000,0.000,1
10.000,15.000,0.100,0.000,0.100,0.000,0.000,1.000,0.000,6.000,0.000,0.000,0.000,0.000,0.000,0.000,0.000,9.000,0.000,6.000,0.000,1.000,0.000,1
10.000,15.000,0.100,0.000,0.100,0.000,0.000,1.000,0.000,6.000,0.000,0.000,0.000,0.000,0.000,0.000,0.000,9.000,0.000,7.000,0.000,0.000,0.000,1
10.000,15.000,0.100,0.000,0.100,0.000,0.000,1.000,0.000,6.000,0.000,0.000,0.000,0.000,0.000,0.000,0.000,9.000,0.000,7.000,0.000,1.000,0.000,1
10.000,15.000,0.100,0.000,0.100,0.000,0.000,1.000,0.000,6.000,0.000,0.000,0.000,0.000,0.000,0.000,0.000,9.000,0.000,8.000,0.000,0.000,0.000,1
10.000,15.000,0.100,0.000,0.100,0.000,0.000,1.000,0.000,6.000,0.000,0.000,0.000,0.000,0.000,0.000,0.000,8.000,0.000,8.000,1.000,0.000,0.000,1
10.000,15.000,0.100,0.000,0.100,0.000,0.000,1.000,0.000,6.000,0.000,0.000,0.000,0.000,0.000,0.000,0.000,8.000,0.000,8.000,1.000,1.000,0.000,1
10.000,15.000,0.100,0.000,0.100,0.000,0.000,1.000,0.000,6.000,0.000,0.000,0.000,0.000,0.000,0.000,0.000,8.000,0.000,9.000,1.000,0.000,0.000,1
10.000,15.000,0.100,0.000,0.100,0.000,0.000,1.000,0.000,6.000,0.000,0.000,0.000,0.000,0.000,0.000,0.000,8.000,0.000,9.000,1.000,1.000,0.000,0
10.000,15.000,0.100,0.000,0.100,0.000,0.000,1.000,0.000,6.000,0.000,0.000,0.000,0.000,0.000,0.000,0.000,8.000,0.000,9.000,1.000,1.000,-1.000,0
10.000,15.000,0.100,0.000,0.100,0.000,0.000,1.000,0.000,0.000,0.000,0.000,5.000,0.000,10.000,0.000,0.000,0.000,0.000,0.000,0.000,0.000,0.000,1
10.000,15.000,0.100,0.000,0.100,0.000,0.000,1.000,0.000,0.000,0.000,0.000,5.000,0.000,10.000,0.000,0.000,0.000,0.000,0.000,0.000,1.000,0.000,1
10.000,15.000,0.100,0.000,0.100,0.000,0.000,1.000,0.000,0.000,0.000,0.000,5.000,0.000,10.000,0.000,0.000,0.000,0.000,1.000,0.000,1.000,0.000,1
10.000,15.000,0.100,0.000,0.100,0.000,0.000,1.000,0.000,0.000,0.000,0.000,5.000,0.000,10.000,0.000,0.000,0.000,0.000,2.000,0.000,0.000,0.000,1
10.000,15.000,0.100,0.000,0.100,0.000,0.000,1.000,0.000,0.000,0.000,0.000,5.000,0.000,10.000,0.000,0.000,0.000,0.000,2.000,0.000,1.000,0.000,1
10.000,15.000,0.100,0.000,0.100,0.000,0.000,1.000,0.000,0.000,0.000,0.000,5.000,0.000,10.000,0.000,0.000,0.000,0.000,3.000,0.000,0.000,0.000,1
10.000,15.000,0.100,0.000,0.100,0.000,0.000,1.000,0.000,0.000,0.000,0.000,5.000,0.000,10.000,0.000,0.000,0.000,0.000,3.000,0.000,1.000,0.000,1
10.000,15.000,0.100,0.000,0.100,0.000,0.000,1.000,0.000,0.000,0.000,0.000,5.000,0.000,10.000,0.000,0.000,0.000,0.000,4.000,0.000,0.000,0.000,1
10.000,15.000,0.100,0.000,0.100,0.000,0.000,1.000,0.000,0.000,0.000,0.000,5.000,0.000,10.000,0.000,0.000,0.000,0.000,4.000,0.000,1.000,0.000,1
10.000,15.000,0.100,0.000,0.100,0.000,0.000,1.000,0.000,0.000,0.000,0.000,5.000,0.000,10.000,0.000,0.000,0.000,0.000,5.000,0.000,1.000,0.000,1
10.000,15.000,0.100,0.000,0.100,0.000,0.000,1.000,0.000,0.000,0.000,0.000,5.000,0.000,10.000,0.000,0.000,0.000,0.000,6.000,0.000,1.000,0.000,1
10.000,15.000,0.100,0.000,0.100,0.000,0.000,1.000,0.000,0.000,0.000,0.000,5.000,0.000,10.000,0.000,0.000,0.000,0.000,7.000,0.000,0.000,0.000,1
10.000,15.000,0.100,0.000,0.100,0.000,0.000,1.000,0.000,0.000,0.000,0.000,5.000,0.000,10.000,0.000,0.000,0.000,0.000,7.000,0.000,1.000,0.000,1
10.000,15.000,0.100,0.000,0.100,0.000,0.000,1.000,0.000,0.000,0.000,0.000,5.000,0.000,10.000,0.000,0.000,0.000,0.000,8.000,0.000,0.000,0.000,1
10.000,15.000,0.100,0.000,0.100,0.000,0.000,1.000,0.000,0.000,0.000,0.000,5.000,0.000,10.000,0.000,0.000,0.000,0.000,8.000,0.000,1.000,0.000,1
10.000,15.000,0.100,0.000,0.100,0.000,0.000,1.000,0.000,0.000,0.000,0.000,5.000,0.000,10.000,0.000,0.000,0.000,0.000,9.000,0.000,2.000,0.000,1
10.000,15.000,0.100,0.000,0.100,0.000,0.000,1.000,0.000,0.000,0.000,0.000,5.000,0.000,10.000,0.000,0.000,0.000,0.000,9.000,0.000,2.000,-1.000,0
10.000,15.000,0.100,0.000,0.100,0.000,0.000,1.000,0.000,7.000,0.000,8.000,0.000,0.000,0.000,0.000,0.000,0.000,0.000,0.000,0.000,0.000,0.000,1
10.000,15.000,0.100,0.000,0.100,0.000,0.000,1.000,0.000,7.000,0.000,8.000,0.000,0.000,0.000,0.000,0.000,0.000,0.000,0.000,0.000,1.000,0.000,1
10.000,15.000,0.100,0.000,0.100,0.000,0.000,1.000,0.000,7.000,0.000,8.000,0.000,0.000,0.000,0.000,0.000,0.000,0.000,1.000,0.000,2.000,0.000,1
10.000,15.000,0.100,0.000,0.100,0.000,0.000,1.000,0.000,7.000,0.000,8.000,0.000,0.000,0.000,0.000,0.000,0.000,0.000,3.000,0.000,2.000,0.000,1
10.000,15.000,0.100,0.000,0.100,0.000,0.000,1.000,0.000,7.000,0.000,8.000,0.000,0.000,0.000,0.000,0.000,0.000,0.000,5.000,0.000,3.000,0.000,1
10.000,15.000,0.100,0.000,0.100,0.000,0.000,1.000,0.000,7.000,0.000,8.000,0.000,0.000,0.000,0.000,0.000,0.000,0.000,8.000,0.000,2.000,0.000,1
10.000,15.000,0.100,0.000,0.100,0.000,0.000,1.000,0.000,7.000,0.000,8.000,0.000,0.000,0.000,0.000,0.000,0.000,0.000,8.000,0.000,2.000,-1.000,0
10.000,15.000,0.100,0.000,0.100,0.000,0.000,1.000,0.000,0.000,0.000,0.000,0.000,0.000,12.000,3.000,0.000,0.000,0.000,0.000,0.000,0.000,0.000,1
10.000,15.000,0.100,0.000,0.100,0.000,0.000,1.000,0.000,0.000,0.000,0.000,0.000,0.000,12.000,3.000,0.000,0.000,0.000,0.000,0.000,1.000,0.000,1
10.000,15.000,0.100,0.000,0.100,0.000,0.000,1.000,0.000,0.000,0.000,0.000,0.000,0.000,12.000,3.000,0.000,0.000,0.000,1.000,0.000,2.000,0.000,1
10.000,15.000,0.100,0.000,0.100,0.000,0.000,1.000,0.000,0.000,0.000,0.000,0.000,0.000,12.000,3.000,0.000,0.000,0.000,3.000,0.000,1.000,0.000,1
10.000,15.000,0.100,0.000,0.100,0.000,0.000,1.000,0.000,0.000,0.000,0.000,0.000,0.000,12.000,3.000,0.000,0.000,0.000,4.000,0.000,0.000,0.000,1
10.000,15.000,0.100,0.000,0.100,0.000,0.000,1.000,0.000,0.000,0.000,0.000,0.000,0.000,12.000,3.000,0.000,0.000,0.000,4.000,0.000,1.000,0.000,1
10.000,15.000,0.100,0.000,0.100,0.000,0.000,1.000,0.000,0.000,0.000,0.000,0.000,0.000,12.000,3.000,0.000,0.000,0.000,5.000,0.000,1.000,0.000,1
10.000,15.000,0.100,0.000,0.100,0.000,0.000,1.000,0.000,0.000,0.000,0.000,0.000,0.000,12.000,3.000,0.000,0.000,0.000,6.000,0.000,1.000,0.000,1
10.000,15.000,0.100,0.000,0.100,0.000,0.000,1.000,0.000,0.000,0.000,0.000,0.000,0.000,12.000,3.000,0.000,0.000,0.000,7.000,0.000,1.000,0.000,1
10.000,15.000,0.100,0.000,0.100,0.000,0.000,1.000,0.000,0.000,0.000,0.000,0.000,0.000,12.000,3.000,0.000,0.000,0.000,8.000,0.000,0.000,0.000,1
10.000,15.000,0.100,0.000,0.100,0.000,0.000,1.000,0.000,0.000,0.000,0.000,0.000,0.000,12.000,3.000,0.000,0.000,0.000,8.000,0.000,1.000,0.000,1
10.000,15.000,0.100,0.000,0.100,0.000,0.000,1.000,0.000,0.000,0.000,0.000,0.000,0.000,12.000,3.000,0.000,0.000,0.000,9.000,0.000,2.000,0.000,1
10.000,15.000,0.100,0.000,0.100,0.000,0.000,1.000,0.000,0.000,0.000,0.000,0.000,0.000,12.000,3.000,0.000,0.000,0.000,9.000,0.000,2.000,-1.000,0
10.000,15.000,0.100,0.000,0.100,0.000,0.000,1.000,0.000,0.000,0.000,0.000,0.000,15.000,0.000,0.000,0.000,0.000,0.000,0.000,0.000,0.000,0.000,1
10.000,15.000,0.100,0.000,0.100,0.000,0.000,1.000,0.000,0.000,0.000,0.000,0.000,15.000,0.000,0.000,0.000,0.000,0.000,0.000,0.000,1.000,0.000,1
10.000,15.000,0.100,0.000,0.100,0.000,0.000,1.000,0.000,0.000,0.000,0.000,0.000,15.000,0.000,0.000,0.000,0.000,0.000,1.000,0.000,2.000,0.000,1
10.000,15.000,0.100,0.000,0.100,0.000,0.000,1.000,0.000,0.000,0.000,0.000,0.000,15.000,0.000,0.000,0.000,0.000,0.000,3.000,0.000,2.000,0.000,1
10.000,15.000,0.100,0.000,0.100,0.000,0.000,1.000,0.000,0.000,0.000,0.000,0.000,15.000,0.000,0.000,0.000,0.000,0.000,5.000,0.000,1.000,0.000,1
10.000,15.000,0.100,0.000,0.100,0.000,0.000,1.000,0.000,0.000,0.000,0.000,0.000,15.000,0.000,0.000,0.000,0.000,0.000,6.000,0.000,0.000,0.000,1
10.000,15.000,0.100,0.000,0.100,0.000,0.000,1.000,0.000,0.000,0.000,0.000,0.000,15.000,0.000,0.000,0.000,0.000,0.000,6.000,0.000,1.000,0.000,1
10.000,15.000,0.100,0.000,0.100,0.000,0.000,1.000,0.000,0.000,0.000,0.000,0.000,15.000,0.000,0.000,0.000,0.000,0.000,7.000,0.000,0.000,0.000,1
10.000,15.000,0.100,0.000,0.100,0.000,0.000,1.000,0.000,0.000,0.000,0.000,0.000,15.000,0.000,0.000,0.000,0.000,0.000,7.000,0.000,1.000,0.000,1
10.000,15.000,0.100,0.000,0.100,0.000,0.000,1.000,0.000,0.000,0.000,0.000,0.000,15.000,0.000,0.000,0.000,0.000,0.000,8.000,0.000,2.000,0.000,1
10.000,15.000,0.100,0.000,0.100,0.000,0.000,1.000,0.000,0.000,0.000,0.000,0.000,15.000,0.000,0.000,0.000,0.000,0.000,8.000,0.000,2.000,-1.000,0
10.000,15.000,0.100,0.000,0.100,0.000,0.000,1.000,0.000,0.000,0.000,0.000,0.000,9.000,0.000,0.000,6.000,0.000,0.000,0.000,0.000,0.000,0.000,1
10.000,15.000,0.100,0.000,0.100,0.000,0.000,1.000,0.000,0.000,0.000,0.000,0.000,9.000,0.000,0.000,6.000,0.000,0.000,0.000,0.000,1.000,0.000,1
10.000,15.000,0.100,0.000,0.100,0.000,0.000,1.000,0.000,0.000,0.000,0.000,0.000,9.000,0.000,0.000,6.000,0.000,0.000,1.000,0.000,2.000,0.000,1
10.000,15.000,0.100,0.000,0.100,0.000,0.000,1.000,0.000,0.000,0.000,0.000,0.000,9.000,0.000,0.000,6.000,0.000,0.000,3.000,0.000,3.000,0.000,1
10.000,15.000,0.100,0.000,0.100,0.000,0.000,1.000,0.000,0.000,0.000,0.000,0.000,9.000,0.000,0.000,6.000,0.000,0.000,6.000,0.000,3.000,0.000,1
10.000,15.000,0.100,0.000,0.100,0.000,0.000,1.000,0.000,0.000,0.000,0.000,0.000,9.000,0.000,0.000,6.000,0.000,0.000,9.000,0.000,3.000,0.000,0
10.000,15.000,0.100,0.000,0.100,0.000,0.000,1.000,0.000,0.000,0.000,0.000,0.000,9.000,0.000,0.000,6.000,0.000,0.000,9.000,0.000,3.000,-1.000,0
10.000,15.000,0.100,0.000,0.100,0.000,0.000,1.000,0.000,0.000,0.000,0.000,0.000,14.000,0.000,0.000,0.000,1.000,0.000,0.000,0.000,0.000,0.000,1
10.000,15.000,0.100,0.000,0.100,0.000,0.000,1.000,0.000,0.000,0.000,0.000,0.000,14.000,0.000,0.000,0.000,1.000,0.000,0.000,0.000,1.000,0.000,1
10.000,15.000,0.100,0.000,0.100,0.000,0.000,1.000,0.000,0.000,0.000,0.000,0.000,14.000,0.000,0.000,0.000,1.000,0.000,1.000,0.000,1.000,0.000,1
10.000,15.000,0.100,0.000,0.100,0.000,0.000,1.000,0.000,0.000,0.000,0.000,0.000,14.000,0.000,0.000,0.000,1.000,0.000,2.000,0.000,1.000,0.000,1
10.000,15.000,0.100,0.000,0.100,0.000,0.000,1.000,0.000,0.000,0.000,0.000,0.000,14.000,0.000,0.000,0.000,1.000,0.000,3.000,0.000,2.000,0.000,1
10.000,15.000,0.100,0.000,0.100,0.000,0.000,1.000,0.000,0.000,0.000,0.000,0.000,14.000,0.000,0.000,0.000,1.000,0.000,5.000,0.000,2.000,0.000,1
10.000,15.000,0.100,0.000,0.100,0.000,0.000,1.000,0.000,0.000,0.000,0.000,0.000,14.000,0.000,0.000,0.000,1.000,0.000,7.000,0.000,1.000,0.000,1
10.000,15.000,0.100,0.000,0.100,0.000,0.000,1.000,0.000,0.000,0.000,0.000,0.000,14.000,0.000,0.000,0.000,1.000,0.000,8.000,0.000,2.000,0.000,1
10.000,15.000,0.100,0.000,0.100,0.000,0.000,1.000,0.000,0.000,0.000,0.000,0.000,14.000,0.000,0.000,0.000,1.000,0.000,8.000,0.000,2.000,-1.000,0
10.000,15.000,0.100,0.000,0.100,0.000,0.000,1.000,0.000,0.000,0.000,0.000,6.000,0.000,0.000,8.000,0.000,0.000,0.000,0.000,1.000,0.000,0.000,1
10.000,15.000,0.100,0.000,0.100,0.000,0.000,1.000,0.000,0.000,0.000,0.000,6.000,0.000,0.000,8.000,0.000,0.000,0.000,0.000,1.000,1.000,0.000,1
10.000,15.000,0.100,0.000,0.100,0.000,0.000,1.000,0.000,0.000,0.000,0.000,6.000,0.000,0.000,8.000,0.000,0.000,0.000,1.000,1.000,1.000,0.000,1
10.000,15.000,0.100,0.000,0.100,0.000,0.000,1.000,0.000,0.000,0.000,0.000,6.000,0.000,0.000,8.000,0.000,0.000,0.000,2.000,1.000,1.000,0.000,1
10.000,15.000,0.100,0.000,0.100,0.000,0.000,1.000,0.000,0.000,0.000,0.000,6.000,0.000,0.000,8.000,0.000,0.000,0.000,3.000,1.000,0.000,0.000,1
10.000,15.000,0.100,0.000,0.100,0.000,0.000,1.000,0.000,0.000,0.000,0.000,6.000,0.000,0.000,8.000,0.000,0.000,0.000,3.000,1.000,1.000,0.000,1
10.000,15.000,0.100,0.000,0.100,0.000,0.000,1.000,0.000,0.000,0.000,0.000,6.000,1.000,0.000,8.000,0.000,0.000,0.000,4.000,0.000,2.000,0.000,1
10.000,15.000,0.100,0.000,0.100,0.000,0.000,1.000,0.000,0.000,0.000,0.000,6.000,1.000,0.000,8.000,0.000,0.000,0.000,6.000,0.000,3.000,0.000,1
10.000,15.000,0.100,0.000,0.100,0.000,0.000,1.000,0.000,0.000,0.000,0.000,6.000,1.000,0.000,8.000,0.000,0.000,0.000,9.000,0.000,2.000,0.000,1
10.000,15.000,0.100,0.000,0.100,0.000,0.000,1.000,0.000,0.000,0.000,0.000,6.000,1.000,0.000,8.000,0.000,0.000,0.000,9.000,0.000,2.000,-1.000,0
10.000,15.000,0.100,0.000,0.100,0.000,0.000,1.000,0.000,0.000,0.000,3.000,0.000,0.000,0.000,0.000,0.000,0.000,0.000,0.000,12.000,0.000,0.000,1
10.000,15.000,0.100,0.000,0.100,0.000,0.000,1.000,0.000,0.000,0.000,3.000,0.000,0.000,0.000,0.000,0.000,0.000,0.000,0.000,12.000,1.000,0.000,1
10.000,15.000,0.100,0.000,0.100,0.000,0.000,1.000,0.000,0.000,0.000,3.000,0.000,0.000,0.000,0.000,0.000,0.000,0.000,1.000,12.000,2.000,0.000,1
10.000,15.000,0.100,0.000,0.100,0.000,0.000,1.000,0.000,0.000,0.000,3.000,0.000,0.000,0.000,0.000,0.000,0.000,0.000,3.000,12.000,2.000,0.000,1
10.000,15.000,0.100,0.000,0.100,0.000,0.000,1.000,0.000,0.000,0.000,3.000,0.000,0.000,0.000,0.000,0.000,0.000,0.000,5.000,12.000,1.000,0.000,1
10.000,15.000,0.100,0.000,0.100,0.000,0.000,1.000,0.000,0.000,0.000,3.000,0.000,0.000,0.000,0.000,0.000,0.000,0.000,6.000,12.000,2.000,0.000,1
10.000,15.000,0.100,0.000,0.100,0.000,0.000,1.000,0.000,0.000,0.000,3.000,0.000,0.000,0.000,0.000,1.000,0.000,0.000,8.000,11.000,2.000,0.000,1
10.000,15.000,0.100,0.000,0.100,0.000,0.000,1.000,0.000,0.000,0.000,3.000,0.000,0.000,0.000,0.000,1.000,0.000,0.000,8.000,11.000,2.000,-1.000,0
10.000,15.000,0.100,0.000,0.100,0.000,0.000,1.000,0.000,0.000,0.000,6.000,0.000,0.000,0.000,9.000,0.000,0.000,0.000,0.000,0.000,0.000,0.000,1
10.000,15.000,0.100,0.000,0.100,0.000,0.000,1.000,0.000,0.000,0.000,6.000,0.000,0.000,0.000,9.000,0.000,0.000,0.000,0.000,0.000,1.000,0.000,1
10.000,15.000,0.100,0.000,0.100,0.000,0.000,1.000,0.000,0.000,0.000,6.000,0.000,0.000,0.000,9.000,0.000,0.000,0.000,1.000,0.000,2.000,0.000,1
10.000,15.000,0.100,0.000,0.100,0.000,0.000,1.000,0.000,0.000,0.000,6.000,0.000,0.000,0.000,9.000,0.000,0.000,0.000,3.000,0.000,2.000,0.000,1
10.000,15.000,0.100,0.000,0.100,0.000,0.000,1.000,0.000,0.000,0.000,6.000,0.000,0.000,0.000,9.000,0.000,0.000,0.000,5.000,0.000,1.000,0.000,1
10.000,15.000,0.100,0.000,0.100,0.000,0.000,1.000,0.000,0.000,0.000,6.000,0.000,0.000,0.000,9.000,0.000,0.000,0.000,6.000,0.000,0.000,0.000,1
10.000,15.000,0.100,0.000,0.100,0.000,0.000,1.000,0.000,0.000,0.000,6.000,0.000,0.000,0.000,9.000,0.000,0.000,0.000,6.000,0.000,1.000,0.000,1
10.000,15.000,0.100,0.000,0.100,0.000,0.000,1.000,0.000,0.000,0.000,6.000,0.000,0.000,0.000,9.000,0.000,0.000,0.000,7.000,0.000,2.000,0.000,1
10.000,15.000,0.100,0.000,0.100,0.000,0.000,1.000,0.000,0.000,0.000,6.000,0.000,0.000,0.000,9.000,0.000,0.000,0.000,9.000,0.000,1.000,0.000,1
10.000,15.000,0.100,0.000,0.100,0.000,0.000,1.000,0.000,0.000,0.000,6.000,0.000,0.000,0.000,9.000,0.000,0.000,0.000,9.000,0.000,1.000,-1.000,0
10.000,15.000,0.100,0.000,0.100,0.000,0.000,1.000,0.000,0.000,14.000,0.000,0.000,0.000,0.000,1.000,0.000,0.000,0.000,0.000,0.000,0.000,0.000,1
10.000,15.000,0.100,0.000,0.100,0.000,0.000,1.000,0.000,0.000,14.000,0.000,0.000,0.000,0.000,1.000,0.000,0.000,0.000,0.000,0.000,1.000,0.000,1
10.000,15.000,0.100,0.000,0.100,0.000,0.000,1.000,0.000,0.000,14.000,0.000,0.000,0.000,0.000,1.000,0.000,0.000,0.000,1.000,0.000,2.000,0.000,1
10.000,15.000,0.100,0.000,0.100,0.000,0.000,1.000,0.000,0.000,14.000,0.000,0.000,0.000,0.000,1.000,0.000,0.000,0.000,3.000,0.000,1.000,0.000,1
10.000,15.000,0.100,0.000,0.100,0.000,0.000,1.000,0.000,0.000,14.000,0.000,0.000,0.000,0.000,1.000,0.000,0.000,0.000,4.000,0.000,1.000,0.000,1
10.000,15.000,0.100,0.000,0.100,0.000,0.000,1.000,0.000,0.000,14.000,0.000,0.000,0.000,0.000,1.000,0.000,0.000,0.000,5.000,0.000,2.000,0.000,1
10.000,15.000,0.100,0.000,0.100,0.000,0.000,1.000,0.000,0.000,14.000,0.000,0.000,0.000,0.000,1.000,0.000,0.000,0.000,7.000,0.000,1.000,0.000,1
10.000,15.000,0.100,0.000,0.100,0.000,0.000,1.000,0.000,0.000,14.000,0.000,0.000,0.000,0.000,1.000,0.000,0.000,0.000,8.000,0.000,2.000,0.000,1
10.000,15.000,0.100,0.000,0.100,0.000,0.000,1.000,0.000,0.000,14.000,0.000,0.000,0.000,0.000,1.000,0.000,0.000,0.000,8.000,0.000,2.000,-1.000,0
10.000,15.000,0.100,0.000,0.100,0.000,0.000,1.000,0.000,0.000,0.000,0.000,0.000,14.000,0.000,0.000,1.000,0.000,0.000,0.000,0.000,0.000,0.000,1
10.000,15.000,0.100,0.000,0.100,0.000,0.000,1.000,0.000,0.000,0.000,0.000,0.000,14.000,0.000,0.000,1.000,0.000,0.000,0.000,0.000,1.000,0.000,1
10.000,15.000,0.100,0.000,0.100,0.000,0.000,1.000,0.000,0.000,0.000,0.000,0.000,14.000,0.000,0.000,1.000,0.000,0.000,1.000,0.000,1.000,0.000,1
10.000,15.000,0.100,0.000,0.100,0.000,0.000,1.000,0.000,0.000,0.000,0.000,0.000,14.000,0.000,0.000,1.000,0.000,0.000,2.000,0.000,2.000,0.000,1
10.000,15.000,0.100,0.000,0.100,0.000,0.000,1.000,0.000,0.000,0.000,0.000,0.000,14.000,0.000,0.000,1.000,0.000,0.000,4.000,0.000,2.000,0.000,1
10.000,15.000,0.100,0.000,0.100,0.000,0.000,1.000,0.000,0.000,0.000,0.000,0.000,14.000,0.000,0.000,1.000,0.000,0.000,6.000,0.000,1.000,0.000,1
10.000,15.000,0.100,0.000,0.100,0.000,0.000,1.000,0.000,0.000,0.000,0.000,0.000,14.000,0.000,0.000,1.000,0.000,0.000,7.000,0.000,2.000,0.000,1
10.000,15.000,0.100,0.000,0.100,0.000,0.000,1.000,0.000,0.000,0.000,0.000,0.000,14.000,0.000,0.000,1.000,0.000,0.000,9.000,0.000,2.000,0.000,1
10.000,15.000,0.100,0.000,0.100,0.000,0.000,1.000,0.000,0.000,0.000,0.000,0.000,14.000,0.000,0.000,1.000,0.000,0.000,9.000,0.000,2.000,-1.000,0
10.000,15.000,0.100,0.000,0.100,0.000,0.000,1.000,0.000,0.000,0.000,0.000,0.000,0.000,0.000,0.000,0.000,2.000,0.000,0.000,13.000,0.000,0.000,1
10.000,15.000,0.100,0.000,0.100,0.000,0.000,1.000,0.000,0.000,0.000,0.000,0.000,0.000,0.000,0.000,0.000,2.000,0.000,0.000,13.000,1.000,0.000,1
10.000,15.000,0.100,0.000,0.100,0.000,0.000,1.000,0.000,0.000,1.000,0.000,0.000,0.000,0.000,0.000,0.000,2.000,0.000,1.000,12.000,0.000,0.000,1
10.000,15.000,0.100,0.000,0.100,0.000,0.000,1.000,0.000,0.000,1.000,1.000,0.000,0.000,0.000,0.000,0.000,2.000,0.000,1.000,11.000,1.000,0.000,1
10.000,15.000,0.100,0.000,0.100,0.000,0.000,1.000,0.000,0.000,1.000,1.000,0.000,0.000,0.000,0.000,0.000,2.000,0.000,2.000,11.000,2.000,0.000,1
10.000,15.000,0.100,0.000,0.100,0.000,0.000,1.000,0.000,0.000,1.000,1.000,0.000,0.000,0.000,0.000,0.000,2.000,0.000,4.000,11.000,3.000,0.000,0
10.000,15.000,0.100,0.000,0.100,0.000,0.000,1.000,0.000,0.000,1.000,1.000,0.000,0.000,0.000,0.000,0.000,2.000,0.000,7.000,11.000,3.000,0.000,1
10.000,15.000,0.100,0.000,0.100,0.000,0.000,1.000,0.000,0.000,1.000,1.000,0.000,0.000,0.000,0.000,0.000,2.000,0.000,7.000,11.000,3.000,-1.000,0
10.000,15.000,0.100,0.000,0.100,0.000,0.000,1.000,0.000,0.000,1.000,0.000,0.000,0.000,0.000,0.000,0.000,0.000,0.000,0.000,14.000,0.000,0.000,1
10.000,15.000,0.100,0.000,0.100,0.000,0.000,1.000,0.000,0.000,1.000,0.000,0.000,0.000,0.000,0.000,0.000,0.000,0.000,0.000,14.000,1.000,0.000,1
10.000,15.000,0.100,0.000,0.100,0.000,0.000,1.000,0.000,0.000,1.000,0.000,0.000,0.000,0.000,0.000,0.000,0.000,0.000,1.000,14.000,1.000,0.000,1
10.000,15.000,0.100,0.000,0.100,0.000,0.000,1.000,0.000,0.000,1.000,0.000,0.000,0.000,0.000,0.000,0.000,0.000,0.000,2.000,14.000,0.000,0.000,1
10.000,15.000,0.100,0.000,0.100,0.000,0.000,1.000,0.000,0.000,1.000,0.000,0.000,0.000,0.000,0.000,0.000,0.000,0.000,2.000,14.000,1.000,0.000,1
10.000,15.000,0.100,0.000,0.100,0.000,0.000,1.000,0.000,0.000,1.000,0.000,0.000,0.000,0.000,0.000,0.000,0.000,0.000,3.000,14.000,2.000,0.000,1
10.000,15.000,0.100,0.000,0.100,0.000,0.000,1.000,0.000,0.000,1.000,0.000,0.000,0.000,0.000,0.000,0.000,0.000,0.000,5.000,14.000,1.000,0.000,1
10.000,15.000,0.100,0.000,0.100,0.000,0.000,1.000,0.000,0.000,1.000,0.000,0.000,0.000,0.000,0.000,0.000,0.000,0.000,6.000,14.000,2.000,0.000,1
10.000,15.000,0.100,0.000,0.100,0.000,0.000,1.000,0.000,0.000,1.000,0.000,0.000,0.000,0.000,0.000,0.000,0.000,0.000,8.000,14.000,2.000,0.000,0
10.000,15.000,0.100,0.000,0.100,0.000,0.000,1.000,0.000,0.000,1.000,0.000,0.000,0.000,0.000,0.000,0.000,0.000,0.000,8.000,14.000,2.000,-1.000,0
10.000,15.000,0.100,0.000,0.100,0.000,0.000,1.000,0.000,1.000,0.000,0.000,0.000,0.000,0.000,0.000,0.000,14.000,0.000,0.000,0.000,0.000,0.000,1
10.000,15.000,0.100,0.000,0.100,0.000,0.000,1.000,0.000,0.000,0.000,0.000,0.000,0.000,0.000,0.000,0.000,14.000,0.000,0.000,1.000,0.000,0.000,1
10.000,15.000,0.100,0.000,0.100,0.000,0.000,1.000,0.000,0.000,0.000,0.000,0.000,0.000,0.000,0.000,0.000,14.000,0.000,0.000,1.000,1.000,0.000,1
10.000,15.000,0.100,0.000,0.100,0.000,0.000,1.000,0.000,0.000,0.000,0.000,0.000,0.000,0.000,0.000,0.000,14.000,0.000,1.000,1.000,1.000,0.000,1
10.000,15.000,0.100,0.000,0.100,0.000,0.000,1.000,0.000,0.000,0.000,0.000,0.000,0.000,0.000,0.000,0.000,14.000,0.000,2.000,1.000,2.000,0.000,1
10.000,15.000,0.100,0.000,0.100,0.000,0.000,1.000,0.000,0.000,0.000,0.000,0.000,0.000,0.000,0.000,0.000,14.000,0.000,4.000,1.000,2.000,0.000,1
10.000,15.000,0.100,0.000,0.100,0.000,0.000,1.000,0.000,0.000,0.000,0.000,0.000,0.000,1.000,0.000,0.000,14.000,0.000,6.000,0.000,2.000,0.000,1
10.000,15.000,0.100,0.000,0.100,0.000,0.000,1.000,0.000,0.000,0.000,0.000,0.000,0.000,1.000,0.000,0.000,14.000,0.000,8.000,0.000,2.000,0.000,0
10.000,15.000,0.100,0.000,0.100,0.000,0.000,1.000,0.000,0.000,0.000,0.000,0.000,0.000,1.000,0.000,0.000,14.000,0.000,8.000,0.000,2.000,-1.000,0
10.000,15.000,0.100,0.000,0.100,0.000,0.000,1.000,0.000,0.000,0.000,0.000,0.000,0.000,5.000,10.000,0.000,0.000,0.000,0.000,0.000,0.000,0.000,1
10.000,15.000,0.100,0.000,0.100,0.000,0.000,1.000,0.000,0.000,0.000,0.000,0.000,0.000,5.000,10.000,0.000,0.000,0.000,0.000,0.000,1.000,0.000,1
10.000,15.000,0.100,0.000,0.100,0.000,0.000,1.000,0.000,0.000,0.000,0.000,0.000,0.000,5.000,10.000,0.000,0.000,0.000,1.000,0.000,1.000,0.000,1
10.000,15.000,0.100,0.000,0.100,0.000,0.000,1.000,0.000,0.000,0.000,0.000,0.000,0.000,5.000,10.000,0.000,0.000,0.000,2.000,0.000,0.000,0.000,1
10.000,15.000,0.100,0.000,0.100,0.000,0.000,1.000,0.000,0.000,0.000,0.000,0.000,0.000,5.000,10.000,0.000,0.000,0.000,2.000,0.000,1.000,0.000,1
10.000,15.000,0.100,0.000,0.100,0.000,0.000,1.000,0.000,0.000,0.000,0.000,0.000,0.000,5.000,10.000,0.000,0.000,0.000,3.000,0.000,2.000,0.000,1
10.000,15.000,0.100,0.000,0.100,0.000,0.000,1.000,0.000,0.000,0.000,0.000,0.000,0.000,5.000,10.000,0.000,0.000,0.000,5.000,0.000,2.000,0.000,1
10.000,15.000,0.100,0.000,0.100,0.000,0.000,1.000,0.000,0.000,0.000,0.000,0.000,0.000,5.000,10.000,0.000,0.000,0.000,7.000,0.000,1.000,0.000,1
10.000,15.000,0.100,0.000,0.100,0.000,0.000,1.000,0.000,0.000,0.000,0.000,0.000,0.000,5.000,10.000,0.000,0.000,0.000,8.000,0.000,0.000,0.000,1
10.000,15.000,0.100,0.000,0.100,0.000,0.000,1.000,0.000,0.000,0.000,0.000,0.000,0.000,5.000,10.000,0.000,0.000,0.000,8.000,0.000,1.000,0.000,1
10.000,15.000,0.100,0.000,0.100,0.000,0.000,1.000,0.000,0.000,0.000,0.000,0.000,0.000,5.000,10.000,0.000,0.000,0.000,9.000,0.000,0.000,0.000,1
10.000,15.000,0.100,0.000,0.100,0.000,0.000,1.000,0.000,0.000,0.000,0.000,0.000,0.000,5.000,10.000,0.000,0.000,0.000,9.000,0.000,1.000,0.000,1
10.000,15.000,0.100,0.000,0.100,0.000,0.000,1.000,0.000,0.000,0.000,0.000,0.000,0.000,5.000,10.000,0.000,0.000,0.000,9.000,0.000,1.000,-1.000,0
10.000,15.000,0.100,0.000,0.100,0.000,0.000,1.000,0.000,0.000,0.000,0.000,0.000,2.000,13.000,0.000,0.000,0.000,0.000,0.000,0.000,0.000,0.000,1
10.000,15.000,0.100,0.000,0.100,0.000,0.000,1.000,0.000,0.000,0.000,0.000,0.000,2.000,13.000,0.000,0.000,0.000,0.000,0.000,0.000,1.000,0.000,1
10.000,15.000,0.100,0.000,0.100,0.000,0.000,1.000,0.000,0.000,0.000,0.000,0.000,2.000,13.000,0.000,0.000,0.000,0.000,1.000,0.000,1.000,0.000,1
10.000,15.000,0.100,0.000,0.100,0.000,0.000,1.000,0.000,0.000,0.000,0.000,0.000,2.000,13.000,0.000,0.000,0.000,0.000,2.000,0.000,0.000,0.000,1
10.000,15.000,0.100,0.000,0.100,0.000,0.000,1.000,0.000,0.000,0.000,0.000,0.000,2.000,13.000,0.000,0.000,0.000,0.000,2.000,0.000,1.000,0.000,1
10.000,15.000,0.100,0.000,0.100,0.000,0.000,1.000,0.000,0.000,0.000,0.000,0.000,2.000,13.000,0.000,0.000,0.000,0.000,3.000,0.000,2.000,0.000,1
10.000,15.000,0.100,0.000,0.100,0.000,0.000,1.000,0.000,0.000,0.000,0.000,0.000,2.000,13.000,0.000,0.000,0.000,0.000,5.000,0.000,2.000,0.000,1
10.000,15.000,0.100,0.000,0.100,0.000,0.000,1.000,0.000,0.000,0.000,0.000,0.000,2.000,13.000,0.000,0.000,0.000,0.000,7.000,0.000,2.000,0.000,1
10.000,15.000,0.100,0.000,0.100,0.000,0.000,1.000,0.000,0.000,0.000,0.000,0.000,2.000,13.000,0.000,0.000,0.000,0.000,9.000,0.000,3.000,0.000,1
10.000,15.000,0.100,0.000,0.100,0.000,0.000,1.000,0.000,0.000,0.000,0.000,0.000,2.000,13.000,0.000,0.000,0.000,0.000,9.000,0.000,3.000,-1.000,0
10.000,15.000,0.100,0.000,0.100,0.000,0.000,1.000,0.000,0.000,5.000,0.000,0.000,0.000,0.000,0.000,10.000,0.000,0.000,0.000,0.000,0.000,0.000,1
10.000,15.000,0.100,0.000,0.100,0.000,0.000,1.000,0.000,0.000,5.000,0.000,0.000,0.000,0.000,0.000,10.000,0.000,0.000,0.000,0.000,1.000,0.000,1
10.000,15.000,0.100,0.000,0.100,0.000,0.000,1.000,0.000,0.000,5.000,0.000,0.000,0.000,0.000,0.000,10.000,0.000,0.000,1.000,0.000,0.000,0.000,1
10.000,15.000,0.100,0.000,0.100,0.000,0.000,1.000,0.000,0.000,4.000,0.000,0.000,0.000,0.000,0.000,10.000,0.000,0.000,1.000,1.000,0.000,0.000,1
10.000,15.000,0.100,0.000,0.100,0.000,0.000,1.000,0.000,0.000,3.000,0.000,0.000,0.000,0.000,0.000,10.000,0.000,0.000,1.000,2.000,0.000,0.000,1
10.000,15.000,0.100,0.000,0.100,0.000,0.000,1.000,0.000,0.000,3.000,0.000,0.000,0.000,0.000,0.000,10.000,0.000,0.000,1.000,2.000,1.000,0.000,1
10.000,15.000,0.100,0.000,0.100,0.000,0.000,1.000,0.000,0.000,3.000,0.000,0.000,0.000,0.000,0.000,10.000,0.000,0.000,2.000,2.000,2.000,0.000,1
10.000,15.000,0.100,0.000,0.100,0.000,0.000,1.000,0.000,0.000,3.000,0.000,0.000,0.000,0.000,0.000,10.000,0.000,0.000,4.000,2.000,3.000,0.000,0
10.000,15.000,0.100,0.000,0.100,0.000,0.000,1.000,0.000,0.000,3.000,0.000,0.000,0.000,0.000,0.000,10.000,0.000,0.000,7.000,2.000,3.000,0.000,1
10.000,15.000,0.100,0.000,0.100,0.000,0.000,1.000,0.000,0.000,3.000,0.000,0.000,0.000,0.000,0.000,10.000,0.000,0.000,7.000,2.000,3.000,-1.000,0
10.000,15.000,0.100,0.000,0.100,0.000,0.000,1.000,0.000,8.000,0.000,0.000,7.000,0.000,0.000,0.000,0.000,0.000,0.000,0.000,0.000,0.000,0.000,1
10.000,15.000,0.100,0.000,0.100,0.000,0.000,1.000,0.000,7.000,0.000,0.000,7.000,0.000,0.000,0.000,0.000,0.000,0.000,0.000,1.000,0.000,0.000,1
10.000,15.000,0.100,0.000,0.100,0.000,0.000,1.000,0.000,7.000,0.000,0.000,7.000,0.000,0.000,0.000,0.000,0.000,0.000,0.000,1.000,1.000,0.000,1
10.000,15.000,0.100,0.000,0.100,0.000,0.000,1.000,0.000,7.000,0.000,0.000,7.000,0.000,0.000,0.000,0.000,0.000,0.000,1.000,1.000,2.000,0.000,1
10.000,15.000,0.100,0.000,0.100,0.000,0.000,1.000,0.000,7.000,0.000,0.000,7.000,0.000,0.000,0.000,0.000,0.000,0.000,3.000,1.000,3.000,0.000,1
10.000,15.000,0.100,0.000,0.100,0.000,0.000,1.000,0.000,7.000,0.000,0.000,7.000,0.000,0.000,0.000,0.000,0.000,0.000,6.000,1.000,3.000,0.000,1
10.000,15.000,0.100,0.000,0.100,0.000,0.000,1.000,0.000,7.000,0.000,0.000,7.000,0.000,0.000,0.000,0.000,0.000,0.000,9.000,1.000,2.000,0.000,1
10.000,15.000,0.100,0.000,0.100,0.000,0.000,1.000,0.000,7.000,0.000,0.000,7.000,0.000,0.000,0.000,0.000,0.000,0.000,9.000,1.000,2.000,-1.000,0
10.000,15.000,0.100,0.000,0.100,0.000,0.000,1.000,0.000,9.000,0.000,5.000,0.000,1.000,0.000,0.000,0.000,0.000,0.000,0.000,0.000,0.000,0.000,1
10.000,15.000,0.100,0.000,0.100,0.000,0.000,1.000,0.000,9.000,0.000,5.000,0.000,1.000,0.000,0.000,0.000,0.000,0.000,0.000,0.000,1.000,0.000,1
10.000,15.000,0.100,0.000,0.100,0.000,0.000,1.000,0.000,9.000,0.000,5.000,0.000,1.000,0.000,0.000,0.000,0.000,0.000,1.000,0.000,1.000,0.000,1
10.000,15.000,0.100,0.000,0.100,0.000,0.000,1.000,0.000,9.000,0.000,5.000,0.000,1.000,0.000,0.000,0.000,0.000,0.000,2.000,0.000,1.000,0.000,1
10.000,15.000,0.100,0.000,0.100,0.000,0.000,1.000,0.000,9.000,0.000,5.000,0.000,1.000,0.000,0.000,0.000,0.000,0.000,3.000,0.000,1.000,0.000,1
10.000,15.000,0.100,0.000,0.100,0.000,0.000,1.000,0.000,9.000,0.000,5.000,0.000,1.000,0.000,0.000,0.000,0.000,0.000,4.000,0.000,1.000,0.000,1
10.000,15.000,0.100,0.000,0.100,0.000,0.000,1.000,0.000,9.000,0.000,5.000,0.000,1.000,0.000,0.000,0.000,0.000,0.000,5.000,0.000,2.000,0.000,1
10.000,15.000,0.100,0.000,0.100,0.000,0.000,1.000,0.000,9.000,0.000,5.000,0.000,1.000,0.000,0.000,0.000,0.000,0.000,7.000,0.000,3.000,0.000,1
10.000,15.000,0.100,0.000,0.100,0.000,0.000,1.000,0.000,9.000,0.000,5.000,0.000,1.000,0.000,0.000,0.000,0.000,0.000,7.000,0.000,3.000,-1.000,0
10.000,15.000,0.100,0.000,0.100,0.000,0.000,1.000,0.000,0.000,0.000,10.000,0.000,5.000,0.000,0.000,0.000,0.000,0.000,0.000,0.000,0.000,0.000,1
10.000,15.000,0.100,0.000,0.100,0.000,0.000,1.000,0.000,0.000,0.000,10.000,0.000,5.000,0.000,0.000,0.000,0.000,0.000,0.000,0.000,1.000,0.000,1
10.000,15.000,0.100,0.000,0.100,0.000,0.000,1.000,0.000,0.000,0.000,10.000,0.000,5.000,0.000,0.000,0.000,0.000,0.000,1.000,0.000,2.000,0.000,1
10.000,15.000,0.100,0.000,0.100,0.000,0.000,1.000,0.000,0.000,0.000,10.000,0.000,5.000,0.000,0.000,0.000,0.000,0.000,3.000,0.000,1.000,0.000,1
10.000,15.000,0.100,0.000,0.100,0.000,0.000,1.000,0.000,0.000,0.000,10.000,0.000,5.000,0.000,0.000,0.000,0.000,0.000,4.000,0.000,0.000,0.000,1
10.000,15.000,0.100,0.000,0.100,0.000,0.000,1.000,0.000,0.000,0.000,10.000,0.000,4.000,0.000,0.000,0.000,0.000,0.000,4.000,1.000,0.000,0.000,1
10.000,15.000,0.100,0.000,0.100,0.000,0.000,1.000,0.000,0.000,0.000,10.000,0.000,4.000,0.000,0.000,0.000,0.000,0.000,4.000,1.000,1.000,0.000,1
10.000,15.000,0.100,0.000,0.100,0.000,0.000,1.000,0.000,0.000,0.000,10.000,0.000,4.000,0.000,0.000,0.000,0.000,0.000,5.000,1.000,2.000,0.000,1
10.000,15.000,0.100,0.000,0.100,0.000,0.000,1.000,0.000,0.000,0.000,10.000,0.000,4.000,0.000,0.000,0.000,0.000,0.000,7.000,1.000,3.000,0.000,0
10.000,15.000,0.100,0.000,0.100,0.000,0.000,1.000,0.000,0.000,0.000,10.000,0.000,4.000,0.000,0.000,0.000,0.000,0.000,7.000,1.000,3.000,-1.000,0
10.000,15.000,0.100,0.000,0.100,0.000,0.000,1.000,0.000,0.000,0.000,0.000,8.000,7.000,0.000,0.000,0.000,0.000,0.000,0.000,0.000,0.000,0.000,1
10.000,15.000,0.100,0.000,0.100,0.000,0.000,1.000,0.000,0.000,0.000,0.000,8.000,7.000,0.000,0.000,0.000,0.000,0.000,0.000,0.000,1.000,0.000,1
10.000,15.000,0.100,0.000,0.100,0.000,0.000,1.000,0.000,0.000,0.000,0.000,8.000,7.000,0.000,0.000,0.000,0.000,0.000,1.000,0.000,1.000,0.000,1
10.000,15.000,0.100,0.000,0.100,0.000,0.000,1.000,0.000,0.000,0.000,0.000,8.000,7.000,0.000,0.000,0.000,0.000,0.000,2.000,0.000,2.000,0.000,1
10.000,15.000,0.100,0.000,0.100,0.000,0.000,1.000,0.000,0.000,0.000,0.000,8.000,7.000,0.000,0.000,0.000,0.000,0.000,4.000,0.000,2.000,0.000,1
10.000,15.000,0.100,0.000,0.100,0.000,0.000,1.000,0.000,0.000,0.000,0.000,8.000,7.000,0.000,0.000,0.000,0.000,0.000,6.000,0.000,2.000,0.000,1
10.000,15.000,0.100,0.000,0.100,0.000,0.000,1.000,0.000,0.000,0.000,0.000,8.000,7.000,0.000,0.000,0.000,0.000,0.000,8.000,0.000,2.000,0.000,0
10.000,15.000,0.100,0.000,0.100,0.000,0.000,1.000,0.000,0.000,0.000,0.000,8.000,7.000,0.000,0.000,0.000,0.000,0.000,8.000,0.000,2.000,-1.000,0
10.000,15.000,0.100,0.000,0.100,0.000,0.000,1.000,0.000,0.000,0.000,0.000,0.000,0.000,14.000,0.000,0.000,1.000,0.000,0.000,0.000,0.000,0.000,1
10.000,15.000,0.100,0.000,0.100,0.000,0.000,1.000,0.000,0.000,0.000,0.000,0.000,0.000,14.000,0.000,0.000,1.000,0.000,0.000,0.000,1.000,0.000,1
10.000,15.000,0.100,0.000,0.100,0.000,0.000,1.000,0.000,0.000,0.000,0.000,0.000,0.000,14.000,0.000,0.000,1.000,0.000,1.000,0.000,1.000,0.000,1
10.000,15.000,0.100,0.000,0.100,0.000,0.000,1.000,0.000,0.000,0.000,0.000,0.000,0.000,14.000,0.000,0.000,1.000,0.000,2.000,0.000,2.000,0.000,1
10.000,15.000,0.100,0.000,0.100,0.000,0.000,1.000,0.000,0.000,0.000,0.000,0.000,0.000,14.000,0.000,0.000,1.000,0.000,4.000,0.000,2.000,0.000,1
10.000,15.000,0.100,0.000,0.100,0.000,0.000,1.000,0.000,0.000,0.000,0.000,0.000,0.000,14.000,0.000,0.000,1.000,0.000,6.000,0.000,2.000,0.000,1
10.000,15.000,0.100,0.000,0.100,0.000,0.000,1.000,0.000,0.000,0.000,0.000,0.000,0.000,14.000,0.000,0.000,1.000,0.000,8.000,0.000,3.000,0.000,1
10.000,15.000,0.100,0.000,0.100,0.000,0.000,1.000,0.000,0.000,0.000,0.000,0.000,0.000,14.000,0.000,0.000,1.000,0.000,8.000,0.000,3.000,-1.000,0
10.000,15.000,0.100,0.000,0.100,0.000,0.000,1.000,0.000,10.000,1.000,0.000,0.000,0.000,0.000,0.000,3.000,1.000,0.000,0.000,0.000,0.000,0.000,1
10.000,15.000,0.100,0.000,0.100,0.000,0.000,1.000,0.000,9.000,1.000,0.000,0.000,0.000,0.000,0.000,3.000,1.000,0.000,0.000,1.000,0.000,0.000,1
10.000,15.000,0.100,0.000,0.100,0.000,0.000,1.000,0.000,9.000,1.000,0.000,0.000,0.000,0.000,0.000,3.000,1.000,0.000,0.000,1.000,1.000,0.000,1
10.000,15.000,0.100,0.000,0.100,0.000,0.000,1.000,0.000,9.000,1.000,0.000,0.000,0.000,0.000,0.000,3.000,1.000,0.000,1.000,1.000,2.000,0.000,1
10.000,15.000,0.100,0.000,0.100,0.000,0.000,1.000,0.000,9.000,1.000,0.000,0.000,0.000,0.000,0.000,3.000,1.000,0.000,3.000,1.000,2.000,0.000,1
10.000,15.000,0.100,0.000,0.100,0.000,0.000,1.000,0.000,9.000,1.000,0.000,0.000,0.000,0.000,0.000,3.000,1.000,0.000,5.000,1.000,2.000,0.000,1
10.000,15.000,0.100,0.000,0.100,0.000,0.000,1.000,0.000,9.000,1.000,0.000,0.000,0.000,0.000,1.000,3.000,1.000,0.000,7.000,0.000,1.000,0.000,1
10.000,15.000,0.100,0.000,0.100,0.000,0.000,1.000,0.000,9.000,1.000,0.000,0.000,0.000,0.000,1.000,3.000,1.000,0.000,8.000,0.000,1.000,0.000,1
10.000,15.000,0.100,0.000,0.100,0.000,0.000,1.000,0.000,9.000,1.000,0.000,0.000,0.000,0.000,1.000,3.000,1.000,0.000,9.000,0.000,0.000,0.000,1
10.000,15.000,0.100,0.000,0.100,0.000,0.000,1.000,0.000,9.000,1.000,0.000,0.000,0.000,0.000,1.000,3.000,1.000,0.000,9.000,0.000,1.000,0.000,1
10.000,15.000,0.100,0.000,0.100,0.000,0.000,1.000,0.000,9.000,1.000,0.000,0.000,0.000,0.000,1.000,3.000,1.000,0.000,9.000,0.000,1.000,-1.000,0
10.000,15.000,0.100,0.000,0.100,0.000,0.000,1.000,0.000,0.000,0.000,0.000,0.000,0.000,0.000,0.000,0.000,0.000,0.000,0.000,15.000,0.000,0.000,1
10.000,15.000,0.100,0.000,0.100,0.000,0.000,1.000,0.000,0.000,0.000,0.000,0.000,0.000,0.000,0.000,0.000,0.000,0.000,0.000,15.000,1.000,0.000,1
10.000,15.000,0.100,0.000,0.100,0.000,0.000,1.000,0.000,0.000,0.000,0.000,0.000,0.000,0.000,0.000,0.000,0.000,0.000,1.000,15.000,1.000,0.000,1
10.000,15.000,0.100,0.000,0.100,0.000,0.000,1.000,0.000,0.000,0.000,0.000,0.000,0.000,0.000,0.000,0.000,0.000,0.000,2.000,15.000,2.000,0.000,1
10.000,15.000,0.100,0.000,0.100,0.000,0.000,1.000,0.000,0.000,0.000,0.000,0.000,0.000,0.000,0.000,0.000,0.000,0.000,4.000,15.000,2.000,0.000,1
10.000,15.000,0.100,0.000,0.100,0.000,0.000,1.000,0.000,0.000,0.000,0.000,0.000,0.000,0.000,0.000,0.000,0.000,0.000,6.000,15.000,3.000,0.000,0
10.000,15.000,0.100,0.000,0.100,0.000,0.000,1.000,0.000,0.000,0.000,0.000,0.000,0.000,0.000,0.000,0.000,0.000,0.000,9.000,15.000,2.000,0.000,0
10.000,15.000,0.100,0.000,0.100,0.000,0.000,1.000,0.000,0.000,0.000,0.000,0.000,0.000,0.000,0.000,0.000,0.000,0.000,9.000,15.000,2.000,-1.000,0
10.000,15.000,0.100,0.000,0.100,0.000,0.000,1.000,0.000,0.000,0.000,0.000,0.000,0.000,15.000,0.000,0.000,0.000,0.000,0.000,0.000,0.000,0.000,1
10.000,15.000,0.100,0.000,0.100,0.000,0.000,1.000,0.000,0.000,0.000,0.000,0.000,0.000,15.000,0.000,0.000,0.000,0.000,0.000,0.000,1.000,0.000,1
10.000,15.000,0.100,0.000,0.100,0.000,0.000,1.000,0.000,0.000,0.000,0.000,0.000,0.000,15.000,0.000,0.000,0.000,0.000,1.000,0.000,1.000,0.000,1
10.000,15.000,0.100,0.000,0.100,0.000,0.000,1.000,0.000,0.000,0.000,0.000,0.000,0.000,15.000,0.000,0.000,0.000,0.000,2.000,0.000,0.000,0.000,1
10.000,15.000,0.100,0.000,0.100,0.000,0.000,1.000,0.000,0.000,0.000,0.000,0.000,0.000,15.000,0.000,0.000,0.000,0.000,2.000,0.000,1.000,0.000,1
10.000,15.000,0.100,0.000,0.100,0.000,0.000,1.000,0.000,0.000,0.000,0.000,0.000,0.000,15.000,0.000,0.000,0.000,0.000,3.000,0.000,0.000,0.000,1
10.000,15.000,0.100,0.000,0.100,0.000,0.000,1.000,0.000,0.000,0.000,0.000,0.000,0.000,15.000,0.000,0.000,0.000,0.000,3.000,0.000,1.000,0.000,1
10.000,15.000,0.100,0.000,0.100,0.000,0.000,1.000,0.000,0.000,0.000,0.000,0.000,0.000,15.000,0.000,0.000,0.000,0.000,4.000,0.000,1.000,0.000,1
10.000,15.000,0.100,0.000,0.100,0.000,0.000,1.000,0.000,0.000,0.000,0.000,0.000,0.000,15.000,0.000,0.000,0.000,0.000,5.000,0.000,1.000,0.000,1
10.000,15.000,0.100,0.000,0.100,0.000,0.000,1.000,0.000,0.000,0.000,0.000,0.000,0.000,15.000,0.000,0.000,0.000,0.000,6.000,0.000,0.000,0.000,1
10.000,15.000,0.100,0.000,0.100,0.000,0.000,1.000,0.000,0.000,0.000,0.000,0.000,0.000,15.000,0.000,0.000,0.000,0.000,6.000,0.000,1.000,0.000,1
10.000,15.000,0.100,0.000,0.100,0.000,0.000,1.000,0.000,0.000,0.000,0.000,0.000,0.000,15.000,0.000,0.000,0.000,0.000,7.000,0.000,2.000,0.000,1
10.000,15.000,0.100,0.000,0.100,0.000,0.000,1.000,0.000,0.000,0.000,0.000,0.000,0.000,15.000,0.000,0.000,0.000,0.000,9.000,0.000,2.000,0.000,1
10.000,15.000,0.100,0.000,0.100,0.000,0.000,1.000,0.000,0.000,0.000,0.000,0.000,0.000,15.000,0.000,0.000,0.000,0.000,9.000,0.000,2.000,-1.000,0
10.000,15.000,0.100,0.000,0.100,0.000,0.000,1.000,0.000,0.000,0.000,0.000,0.000,0.000,0.000,0.000,7.000,8.000,0.000,0.000,0.000,0.000,0.000,1
10.000,15.000,0.100,0.000,0.100,0.000,0.000,1.000,0.000,0.000,0.000,0.000,0.000,0.000,0.000,0.000,7.000,8.000,0.000,0.000,0.000,1.000,0.000,1
10.000,15.000,0.100,0.000,0.100,0.000,0.000,1.000,0.000,0.000,0.000,0.000,0.000,0.000,0.000,0.000,7.000,8.000,0.000,1.000,0.000,1.000,0.000,1
10.000,15.000,0.100,0.000,0.100,0.000,0.000,1.000,0.000,0.000,0.000,0.000,0.000,0.000,0.000,0.000,7.000,8.000,0.000,2.000,0.000,1.000,0.000,1
10.000,15.000,0.100,0.000,0.100,0.000,0.000,1.000,0.000,0.000,0.000,0.000,0.000,0.000,0.000,0.000,7.000,8.000,0.000,3.000,0.000,0.000,0.000,1
10.000,15.000,0.100,0.000,0.100,0.000,0.000,1.000,0.000,0.000,0.000,0.000,0.000,0.000,0.000,0.000,7.000,8.000,0.000,3.000,0.000,1.000,0.000,1
10.000,15.000,0.100,0.000,0.100,0.000,0.000,1.000,0.000,0.000,0.000,0.000,0.000,0.000,0.000,0.000,7.000,8.000,0.000,4.000,0.000,2.000,0.000,1
10.000,15.000,0.100,0.000,0.100,0.000,0.000,1.000,0.000,0.000,0.000,0.000,0.000,0.000,0.000,0.000,7.000,8.000,0.000,6.000,0.000,2.000,0.000,1
10.000,15.000,0.100,0.000,0.100,0.000,0.000,1.000,0.000,0.000,0.000,0.000,0.000,0.000,0.000,0.000,7.000,8.000,0.000,8.000,0.000,3.000,0.000,1
10.000,15.000,0.100,0.000,0.100,0.000,0.000,1.000,0.000,0.000,0.000,0.000,0.000,0.000,0.000,0.000,7.000,8.000,0.000,8.000,0.000,3.000,-1.000,0
10.000,15.000,0.100,0.000,0.100,0.000,0.000,1.000,0.000,0.000,0.000,0.000,0.000,0.000,4.000,11.000,0.000,0.000,0.000,0.000,0.000,0.000,0.000,1
10.000,15.000,0.100,0.000,0.100,0.000,0.000,1.000,0.000,0.000,0.000,0.000,0.000,0.000,4.000,11.000,0.000,0.000,0.000,0.000,0.000,1.000,0.000,1
10.000,15.000,0.100,0.000,0.100,0.000,0.000,1.000,0.000,0.000,0.000,0.000,0.000,0.000,4.000,11.000,0.000,0.000,0.000,1.000,0.000,2.000,0.000,1
10.000,15.000,0.100,0.000,0.100,0.000,0.000,1.000,0.000,0.000,0.000,0.000,0.000,0.000,4.000,11.000,0.000,0.000,0.000,3.000,0.000,1.000,0.000,1
10.000,15.000,0.100,0.000,0.100,0.000,0.000,1.000,0.000,0.000,0.000,0.000,0.000,0.000,4.000,11.000,0.000,0.000,0.000,4.000,0.000,1.000,0.000,1
10.000,15.000,0.100,0.000,0.100,0.000,0.000,1.000,0.000,0.000,0.000,0.000,0.000,0.000,4.000,11.000,0.000,0.000,0.000,5.000,0.000,0.000,0.000,1
10.000,15.000,0.100,0.000,0.100,0.000,0.000,1.000,0.000,0.000,0.000,0.000,0.000,0.000,3.000,11.000,0.000,0.000,0.000,5.000,1.000,0.000,0.000,1
10.000,15.000,0.100,0.000,0.100,0.000,0.000,1.000,0.000,0.000,0.000,0.000,0.000,0.000,3.000,11.000,0.000,0.000,0.000,5.000,1.000,1.000,0.000,1
10.000,15.000,0.100,0.000,0.100,0.000,0.000,1.000,0.000,0.000,0.000,0.000,0.000,0.000,3.000,11.000,0.000,0.000,0.000,6.000,1.000,1.000,0.000,1
10.000,15.000,0.100,0.000,0.100,0.000,0.000,1.000,0.000,0.000,0.000,0.000,0.000,0.000,3.000,11.000,1.000,0.000,0.000,7.000,0.000,2.000,0.000,1
10.000,15.000,0.100,0.000,0.100,0.000,0.000,1.000,0.000,0.000,0.000,0.000,0.000,0.000,3.000,11.000,1.000,0.000,0.000,9.000,0.000,1.000,0.000,1
10.000,15.000,0.100,0.000,0.100,0.000,0.000,1.000,0.000,0.000,0.000,0.000,0.000,0.000,3.000,11.000,1.000,0.000,0.000,9.000,0.000,1.000,-1.000,0
10.000,15.000,0.100,0.000,0.100,0.000,0.000,1.000,0.000,0.000,0.000,0.000,0.000,14.000,0.000,0.000,1.000,0.000,0.000,0.000,0.000,0.000,1.000,1
10.000,15.000,0.100,0.000,0.100,0.000,0.000,1.000,0.000,0.000,0.000,0.000,0.000,14.000,0.000,0.000,1.000,0.000,0.000,0.000,0.000,1.000,1.000,1
10.000,15.000,0.100,0.000,0.100,0.000,0.000,1.000,0.000,0.000,0.000,0.000,0.000,14.000,0.000,0.000,1.000,0.000,0.000,1.000,0.000,1.000,1.000,1
10.000,15.000,0.100,0.000,0.100,0.000,0.000,1.000,0.000,0.000,0.000,0.000,0.000,14.000,0.000,0.000,1.000,0.000,0.000,2.000,0.000,0.000,1.000,1
10.000,15.000,0.100,0.000,0.100,0.000,0.000,1.000,0.000,0.000,0.000,0.000,0.000,14.000,0.000,0.000,1.000,0.000,0.000,2.000,0.000,1.000,1.000,1
10.000,15.000,0.100,0.000,0.100,0.000,0.000,1.000,0.000,0.000,0.000,0.000,0.000,14.000,0.000,0.000,1.000,0.000,0.000,3.000,0.000,0.000,1.000,1
10.000,15.000,0.100,0.000,0.100,0.000,0.000,1.000,0.000,0.000,0.000,0.000,0.000,14.000,0.000,0.000,1.000,0.000,0.000,3.000,0.000,1.000,1.000,1
10.000,15.000,0.100,0.000,0.100,0.000,0.000,1.000,0.000,0.000,0.000,0.000,0.000,14.000,0.000,0.000,1.000,0.000,0.000,4.000,0.000,1.000,1.000,1
10.000,15.000,0.100,0.000,0.100,0.000,0.000,1.000,0.000,0.000,0.000,0.000,0.000,14.000,0.000,0.000,1.000,0.000,0.000,5.000,0.000,2.000,1.000,1
10.000,15.000,0.100,0.000,0.100,0.000,0.000,1.000,0.000,0.000,0.000,0.000,0.000,14.000,0.000,0.000,1.000,0.000,0.000,7.000,0.000,2.000,1.000,1
10.000,15.000,0.100,0.000,0.100,0.000,0.000,1.000,0.000,0.000,0.000,0.000,0.000,14.000,0.000,0.000,1.000,0.000,0.000,9.000,0.000,3.000,1.000,1
10.000,15.000,0.100,0.000,0.100,0.000,0.000,1.000,0.000,0.000,0.000,0.000,0.000,14.000,0.000,0.000,1.000,0.000,0.000,9.000,0.000,3.000,-1.000,0
10.000,15.000,0.100,0.000,0.100,0.000,0.000,1.000,0.000,0.000,0.000,1.000,0.000,0.000,0.000,0.000,0.000,14.000,0.000,0.000,0.000,0.000,0.000,1
10.000,15.000,0.100,0.000,0.100,0.000,0.000,1.000,0.000,0.000,0.000,1.000,0.000,0.000,0.000,0.000,0.000,14.000,0.000,0.000,0.000,1.000,0.000,1
10.000,15.000,0.100,0.000,0.100,0.000,0.000,1.000,0.000,0.000,0.000,1.000,0.000,0.000,0.000,0.000,0.000,14.000,0.000,1.000,0.000,2.000,0.000,1
10.000,15.000,0.100,0.000,0.100,0.000,0.000,1.000,0.000,0.000,0.000,1.000,0.000,0.000,0.000,0.000,0.000,14.000,0.000,3.000,0.000,1.000,0.000,1
10.000,15.000,0.100,0.000,0.100,0.000,0.000,1.000,0.000,0.000,0.000,1.000,0.000,0.000,0.000,0.000,0.000,14.000,0.000,4.000,0.000,2.000,0.000,1
10.000,15.000,0.100,0.000,0.100,0.000,0.000,1.000,0.000,0.000,0.000,1.000,0.000,0.000,0.000,0.000,0.000,14.000,0.000,6.000,0.000,1.000,0.000,1
10.000,15.000,0.100,0.000,0.100,0.000,0.000,1.000,0.000,0.000,0.000,1.000,0.000,0.000,0.000,0.000,0.000,14.000,0.000,7.000,0.000,2.000,0.000,1
10.000,15.000,0.100,0.000,0.100,0.000,0.000,1.000,0.000,0.000,0.000,1.000,0.000,0.000,0.000,0.000,0.000,14.000,0.000,9.000,0.000,1.000,0.000,1
10.000,15.000,0.100,0.000,0.100,0.000,0.000,1.000,0.000,0.000,0.000,1.000,0.000,0.000,0.000,0.000,0.000,14.000,0.000,9.000,0.000,1.000,-1.000,0
10.000,15.000,0.100,0.000,0.100,0.000,0.000,1.000,0.000,0.000,13.000,0.000,0.000,0.000,0.000,0.000,2.000,0.000,0.000,0.000,0.000,0.000,0.000,1
10.000,15.000,0.100,0.000,0.100,0.000,0.000,1.000,0.000,0.000,13.000,0.000,0.000,0.000,0.000,0.000,2.000,0.000,0.000,0.000,0.000,1.000,0.000,1
10.000,15.000,0.100,0.000,0.100,0.000,0.000,1.000,0.000,0.000,13.000,0.000,0.000,0.000,0.000,0.000,2.000,0.000,0.000,1.000,0.000,2.000,0.000,1
10.000,15.000,0.100,0.000,0.100,0.000,0.000,1.000,0.000,0.000,13.000,0.000,0.000,0.000,0.000,0.000,2.000,0.000,0.000,3.000,0.000,1.000,0.000,1
10.000,15.000,0.100,0.000,0.100,0.000,0.000,1.000,0.000,0.000,13.000,0.000,0.000,0.000,0.000,0.000,2.000,0.000,0.000,4.000,0.000,0.000,0.000,1
10.000,15.000,0.100,0.000,0.100,0.000,0.000,1.000,0.000,0.000,13.000,0.000,0.000,0.000,0.000,0.000,2.000,0.000,0.000,4.000,0.000,1.000,0.000,1
10.000,15.000,0.100,0.000,0.100,0.000,0.000,1.000,0.000,0.000,13.000,0.000,0.000,0.000,0.000,0.000,2.000,0.000,0.000,5.000,0.000,2.000,0.000,1
10.000,15.000,0.100,0.000,0.100,0.000,0.000,1.000,0.000,0.000,13.000,0.000,0.000,0.000,0.000,0.000,2.000,0.000,0.000,7.000,0.000,3.000,0.000,1
10.000,15.000,0.100,0.000,0.100,0.000,0.000,1.000,0.000,0.000,13.000,0.000,0.000,0.000,0.000,0.000,2.000,0.000,0.000,7.000,0.000,3.000,-1.000,0
10.000,15.000,0.100,0.000,0.100,0.000,0.000,1.000,0.000,0.000,0.000,0.000,0.000,0.000,10.000,2.000,0.000,3.000,0.000,0.000,0.000,0.000,0.000,1
10.000,15.000,0.100,0.000,0.100,0.000,0.000,1.000,0.000,0.000,0.000,0.000,0.000,0.000,10.000,2.000,0.000,3.000,0.000,0.000,0.000,1.000,0.000,1
10.000,15.000,0.100,0.000,0.100,0.000,0.000,1.000,0.000,0.000,0.000,0.000,0.000,0.000,10.000,2.000,0.000,3.000,0.000,1.000,0.000,0.000,0.000,1
10.000,15.000,0.100,0.000,0.100,0.000,0.000,1.000,0.000,0.000,0.000,0.000,0.000,0.000,10.000,2.000,0.000,3.000,0.000,1.000,0.000,1.000,0.000,1
10.000,15.000,0.100,0.000,0.100,0.000,0.000,1.000,0.000,0.000,0.000,0.000,0.000,0.000,10.000,2.000,0.000,3.000,0.000,2.000,0.000,1.000,0.000,1
10.000,15.000,0.100,0.000,0.100,0.000,0.000,1.000,0.000,0.000,0.000,0.000,0.000,0.000,10.000,2.000,0.000,3.000,0.000,3.000,0.000,0.000,0.000,1
10.000,15.000,0.100,0.000,0.100,0.000,0.000,1.000,0.000,0.000,0.000,0.000,0.000,0.000,10.000,2.000,0.000,3.000,0.000,3.000,0.000,1.000,0.000,1
10.000,15.000,0.100,0.000,0.100,0.000,0.000,1.000,0.000,0.000,0.000,0.000,0.000,0.000,10.000,2.000,0.000,3.000,0.000,4.000,0.000,2.000,0.000,1
10.000,15.000,0.100,0.000,0.100,0.000,0.000,1.000,0.000,0.000,0.000,0.000,0.000,0.000,10.000,2.000,0.000,3.000,0.000,6.000,0.000,1.000,0.000,1
10.000,15.000,0.100,0.000,0.100,0.000,0.000,1.000,0.000,0.000,0.000,0.000,0.000,0.000,10.000,2.000,0.000,3.000,0.000,7.000,0.000,2.000,0.000,1
10.000,15.000,0.100,0.000,0.100,0.000,0.000,1.000,0.000,0.000,0.000,0.000,0.000,0.000,10.000,2.000,0.000,3.000,0.000,9.000,0.000,3.000,0.000,1
10.000,15.000,0.100,0.000,0.100,0.000,0.000,1.000,0.000,0.000,0.000,0.000,0.000,0.000,10.000,2.000,0.000,3.000,0.000,9.000,0.000,3.000,-1.000,0
10.000,15.000,0.100,0.000,0.100,0.000,0.000,1.000,0.000,0.000,2.000,0.000,0.000,13.000,0.000,0.000,0.000,0.000,0.000,0.000,0.000,0.000,0.000,1
10.000,15.000,0.100,0.000,0.100,0.000,0.000,1.000,0.000,0.000,2.000,0.000,0.000,13.000,0.000,0.000,0.000,0.000,0.000,0.000,0.000,1.000,0.000,1
10.000,15.000,0.100,0.000,0.100,0.000,0.000,1.000,0.000,0.000,2.000,0.000,0.000,13.000,0.000,0.000,0.000,0.000,0.000,1.000,0.000,0.000,0.000,1
10.000,15.000,0.100,0.000,0.100,0.000,0.000,1.000,0.000,0.000,1.000,0.000,0.000,13.000,0.000,0.000,0.000,0.000,0.000,1.000,1.000,0.000,0.000,1
10.000,15.000,0.100,0.000,0.100,0.000,0.000,1.000,0.000,0.000,1.000,0.000,0.000,13.000,0.000,0.000,0.000,0.000,0.000,1.000,1.000,1.000,0.000,1
10.000,15.000,0.100,0.000,0.100,0.000,0.000,1.000,0.000,0.000,1.000,0.000,0.000,13.000,0.000,0.000,0.000,0.000,0.000,2.000,1.000,1.000,0.000,1
10.000,15.000,0.100,0.000,0.100,0.000,0.000,1.000,0.000,0.000,1.000,0.000,0.000,13.000,0.000,0.000,0.000,0.000,0.000,3.000,1.000,0.000,0.000,1
10.000,15.000,0.100,0.000,0.100,0.000,0.000,1.000,0.000,0.000,1.000,0.000,0.000,13.000,0.000,0.000,0.000,0.000,0.000,3.000,1.000,1.000,0.000,1
10.000,15.000,0.100,0.000,0.100,0.000,0.000,1.000,0.000,0.000,1.000,0.000,0.000,13.000,0.000,0.000,0.000,0.000,0.000,4.000,1.000,2.000,0.000,1
10.000,15.000,0.100,0.000,0.100,0.000,0.000,1.000,0.000,0.000,1.000,0.000,0.000,13.000,0.000,0.000,0.000,0.000,0.000,6.000,1.000,2.000,0.000,1
10.000,15.000,0.100,0.000,0.100,0.000,0.000,1.000,0.000,0.000,1.000,0.000,0.000,13.000,0.000,0.000,0.000,0.000,0.000,8.000,1.000,3.000,0.000,1
10.000,15.000,0.100,0.000,0.100,0.000,0.000,1.000,0.000,0.000,1.000,0.000,0.000,13.000,0.000,0.000,0.000,0.000,0.000,8.000,1.000,3.000,-1.000,0
